video_id,label,split,score_anomaly,score_normal,score_diff
Stealing035_x264,Stealing,validation,0.2730002999305725,0.26082921028137207,0.01217108964920044
Stealing035_x264,Stealing,validation,0.2687299847602844,0.25638091564178467,0.012349069118499756
Stealing035_x264,Stealing,validation,0.2707228362560272,0.2611313760280609,0.009591460227966309
Stealing035_x264,Stealing,validation,0.2775295674800873,0.2570546269416809,0.020474940538406372
Stealing035_x264,Stealing,validation,0.27576592564582825,0.2551840841770172,0.020581841468811035
Stealing035_x264,Stealing,validation,0.27751603722572327,0.25783970952033997,0.0196763277053833
Stealing035_x264,Stealing,validation,0.2735445499420166,0.25826576352119446,0.015278786420822144
Stealing035_x264,Stealing,validation,0.26715248823165894,0.2579249143600464,0.009227573871612549
Stealing035_x264,Stealing,validation,0.27396488189697266,0.2572316825389862,0.01673319935798645
Stealing035_x264,Stealing,validation,0.262364000082016,0.25864607095718384,0.0037179291248321533
Stealing035_x264,Stealing,validation,0.25399506092071533,0.2590476870536804,-0.005052626132965088
Stealing035_x264,Stealing,validation,0.2606329619884491,0.25663143396377563,0.004001528024673462
Stealing035_x264,Stealing,validation,0.26041099429130554,0.25915828347206116,0.0012527108192443848
Stealing035_x264,Stealing,validation,0.24953125417232513,0.2309422641992569,0.018588989973068237
Stealing035_x264,Stealing,validation,0.24903015792369843,0.22697454690933228,0.02205561101436615
Stealing035_x264,Stealing,validation,0.2482069432735443,0.2256125509738922,0.0225943922996521
Stealing035_x264,Stealing,validation,0.25539475679397583,0.23202136158943176,0.023373395204544067
Stealing035_x264,Stealing,validation,0.24714742600917816,0.22541210055351257,0.02173532545566559
Stealing035_x264,Stealing,validation,0.2463495433330536,0.23814702033996582,0.008202522993087769
Stealing035_x264,Stealing,validation,0.25260376930236816,0.24737848341464996,0.005225285887718201
Stealing035_x264,Stealing,validation,0.2601834833621979,0.2545650005340576,0.005618482828140259
Stealing035_x264,Stealing,validation,0.2569301128387451,0.2536477744579315,0.0032823383808135986
Stealing035_x264,Stealing,validation,0.25749218463897705,0.25306230783462524,0.004429876804351807
Stealing035_x264,Stealing,validation,0.2615699768066406,0.2539497911930084,0.007620185613632202
Stealing035_x264,Stealing,validation,0.2755289375782013,0.257593035697937,0.017935901880264282
Stealing035_x264,Stealing,validation,0.28010308742523193,0.25510913133621216,0.024993956089019775
Stealing035_x264,Stealing,validation,0.2745598256587982,0.2573535144329071,0.017206311225891113
Stealing035_x264,Stealing,validation,0.24541808664798737,0.22188623249530792,0.023531854152679443
Stealing035_x264,Stealing,validation,0.24985787272453308,0.22813203930854797,0.021725833415985107
Stealing035_x264,Stealing,validation,0.24378113448619843,0.22012744843959808,0.023653686046600342
Stealing035_x264,Stealing,validation,0.2405754178762436,0.21717569231987,0.023399725556373596
Stealing035_x264,Stealing,validation,0.24541103839874268,0.22302870452404022,0.022382333874702454
Stealing035_x264,Stealing,validation,0.2519276440143585,0.22696299850940704,0.024964645504951477
Stealing035_x264,Stealing,validation,0.24980294704437256,0.22745205461978912,0.022350892424583435
Stealing035_x264,Stealing,validation,0.2389291673898697,0.21677687764167786,0.022152289748191833
Stealing035_x264,Stealing,validation,0.23851032555103302,0.21727590262889862,0.0212344229221344
Stealing035_x264,Stealing,validation,0.24582578241825104,0.2245960235595703,0.021229758858680725
Stealing035_x264,Stealing,validation,0.24664214253425598,0.2201315015554428,0.02651064097881317
Stealing035_x264,Stealing,validation,0.24051319062709808,0.21480253338813782,0.025710657238960266
Stealing035_x264,Stealing,validation,0.24880041182041168,0.2264307737350464,0.022369638085365295
Stealing035_x264,Stealing,validation,0.24136415123939514,0.22284828126430511,0.018515869975090027
Stealing035_x264,Stealing,validation,0.23987537622451782,0.2204902172088623,0.019385159015655518
Stealing035_x264,Stealing,validation,0.2409031242132187,0.21955659985542297,0.021346524357795715
Stealing035_x264,Stealing,validation,0.2419142872095108,0.22151628136634827,0.020398005843162537
Stealing035_x264,Stealing,validation,0.24571485817432404,0.2240714430809021,0.021643415093421936
Stealing035_x264,Stealing,validation,0.24672716856002808,0.23090368509292603,0.01582348346710205
Stealing035_x264,Stealing,validation,0.2503783404827118,0.23254500329494476,0.01783333718776703
Stealing035_x264,Stealing,validation,0.2567417621612549,0.22670254111289978,0.030039221048355103
Stealing035_x264,Stealing,validation,0.2520275115966797,0.2281010001897812,0.0239265114068985
Stealing035_x264,Stealing,validation,0.25094282627105713,0.22740009427070618,0.023542732000350952
Stealing007_x264,Stealing,validation,0.2730002999305725,0.26082921028137207,0.01217108964920044
Stealing007_x264,Stealing,validation,0.2687299847602844,0.25638091564178467,0.012349069118499756
Stealing007_x264,Stealing,validation,0.2707228362560272,0.2611313760280609,0.009591460227966309
Stealing007_x264,Stealing,validation,0.2775295674800873,0.2570546269416809,0.020474940538406372
Stealing007_x264,Stealing,validation,0.27576592564582825,0.2551840841770172,0.020581841468811035
Stealing007_x264,Stealing,validation,0.27751603722572327,0.25783970952033997,0.0196763277053833
Stealing007_x264,Stealing,validation,0.2735445499420166,0.25826576352119446,0.015278786420822144
Stealing007_x264,Stealing,validation,0.26715248823165894,0.2579249143600464,0.009227573871612549
Stealing007_x264,Stealing,validation,0.27396488189697266,0.2572316825389862,0.01673319935798645
Stealing007_x264,Stealing,validation,0.262364000082016,0.25864607095718384,0.0037179291248321533
Stealing007_x264,Stealing,validation,0.25399506092071533,0.2590476870536804,-0.005052626132965088
Stealing007_x264,Stealing,validation,0.2606329619884491,0.25663143396377563,0.004001528024673462
Stealing007_x264,Stealing,validation,0.26041099429130554,0.25915828347206116,0.0012527108192443848
Stealing007_x264,Stealing,validation,0.24953125417232513,0.2309422641992569,0.018588989973068237
Stealing007_x264,Stealing,validation,0.24903015792369843,0.22697454690933228,0.02205561101436615
Stealing007_x264,Stealing,validation,0.2482069432735443,0.2256125509738922,0.0225943922996521
Stealing007_x264,Stealing,validation,0.25539475679397583,0.23202136158943176,0.023373395204544067
Stealing007_x264,Stealing,validation,0.24714742600917816,0.22541210055351257,0.02173532545566559
Stealing007_x264,Stealing,validation,0.2463495433330536,0.23814702033996582,0.008202522993087769
Stealing051_x264,Stealing,validation,0.2730002999305725,0.26082921028137207,0.01217108964920044
Stealing051_x264,Stealing,validation,0.2687299847602844,0.25638091564178467,0.012349069118499756
Stealing051_x264,Stealing,validation,0.2707228362560272,0.2611313760280609,0.009591460227966309
Stealing051_x264,Stealing,validation,0.2775295674800873,0.2570546269416809,0.020474940538406372
Stealing051_x264,Stealing,validation,0.27576592564582825,0.2551840841770172,0.020581841468811035
Stealing051_x264,Stealing,validation,0.27751603722572327,0.25783970952033997,0.0196763277053833
Stealing051_x264,Stealing,validation,0.2735445499420166,0.25826576352119446,0.015278786420822144
Stealing051_x264,Stealing,validation,0.26715248823165894,0.2579249143600464,0.009227573871612549
Stealing051_x264,Stealing,validation,0.27396488189697266,0.2572316825389862,0.01673319935798645
Stealing051_x264,Stealing,validation,0.262364000082016,0.25864607095718384,0.0037179291248321533
Stealing051_x264,Stealing,validation,0.25399506092071533,0.2590476870536804,-0.005052626132965088
Stealing051_x264,Stealing,validation,0.2606329619884491,0.25663143396377563,0.004001528024673462
Stealing051_x264,Stealing,validation,0.26041099429130554,0.25915828347206116,0.0012527108192443848
Stealing051_x264,Stealing,validation,0.24953125417232513,0.2309422641992569,0.018588989973068237
Stealing051_x264,Stealing,validation,0.24903015792369843,0.22697454690933228,0.02205561101436615
Stealing051_x264,Stealing,validation,0.2482069432735443,0.2256125509738922,0.0225943922996521
Stealing051_x264,Stealing,validation,0.25539475679397583,0.23202136158943176,0.023373395204544067
Stealing051_x264,Stealing,validation,0.24714742600917816,0.22541210055351257,0.02173532545566559
Stealing051_x264,Stealing,validation,0.2463495433330536,0.23814702033996582,0.008202522993087769
Stealing051_x264,Stealing,validation,0.25260376930236816,0.24737848341464996,0.005225285887718201
Abuse043_x264,Abuse,validation,0.2730002999305725,0.26082921028137207,0.01217108964920044
Abuse043_x264,Abuse,validation,0.2687299847602844,0.25638091564178467,0.012349069118499756
Abuse043_x264,Abuse,validation,0.2707228362560272,0.2611313760280609,0.009591460227966309
Abuse043_x264,Abuse,validation,0.2775295674800873,0.2570546269416809,0.020474940538406372
Abuse043_x264,Abuse,validation,0.27576592564582825,0.2551840841770172,0.020581841468811035
Abuse043_x264,Abuse,validation,0.27751603722572327,0.25783970952033997,0.0196763277053833
Abuse043_x264,Abuse,validation,0.2735445499420166,0.25826576352119446,0.015278786420822144
Abuse043_x264,Abuse,validation,0.26715248823165894,0.2579249143600464,0.009227573871612549
Abuse043_x264,Abuse,validation,0.27396488189697266,0.2572316825389862,0.01673319935798645
Abuse043_x264,Abuse,validation,0.262364000082016,0.25864607095718384,0.0037179291248321533
Abuse043_x264,Abuse,validation,0.25399506092071533,0.2590476870536804,-0.005052626132965088
Abuse043_x264,Abuse,validation,0.2606329619884491,0.25663143396377563,0.004001528024673462
Abuse043_x264,Abuse,validation,0.26041099429130554,0.25915828347206116,0.0012527108192443848
Abuse043_x264,Abuse,validation,0.24953125417232513,0.2309422641992569,0.018588989973068237
Abuse043_x264,Abuse,validation,0.24903015792369843,0.22697454690933228,0.02205561101436615
Abuse043_x264,Abuse,validation,0.2482069432735443,0.2256125509738922,0.0225943922996521
Abuse043_x264,Abuse,validation,0.25539475679397583,0.23202136158943176,0.023373395204544067
Abuse043_x264,Abuse,validation,0.24714742600917816,0.22541210055351257,0.02173532545566559
Abuse043_x264,Abuse,validation,0.2463495433330536,0.23814702033996582,0.008202522993087769
Abuse043_x264,Abuse,validation,0.25260376930236816,0.24737848341464996,0.005225285887718201
Abuse043_x264,Abuse,validation,0.2601834833621979,0.2545650005340576,0.005618482828140259
Abuse043_x264,Abuse,validation,0.2569301128387451,0.2536477744579315,0.0032823383808135986
Abuse043_x264,Abuse,validation,0.25749218463897705,0.25306230783462524,0.004429876804351807
Abuse043_x264,Abuse,validation,0.2615699768066406,0.2539497911930084,0.007620185613632202
Abuse008_x264,Abuse,validation,0.2730002999305725,0.26082921028137207,0.01217108964920044
Abuse008_x264,Abuse,validation,0.2687299847602844,0.25638091564178467,0.012349069118499756
Abuse008_x264,Abuse,validation,0.2707228362560272,0.2611313760280609,0.009591460227966309
Abuse008_x264,Abuse,validation,0.2775295674800873,0.2570546269416809,0.020474940538406372
Abuse008_x264,Abuse,validation,0.27576592564582825,0.2551840841770172,0.020581841468811035
Abuse008_x264,Abuse,validation,0.27751603722572327,0.25783970952033997,0.0196763277053833
Abuse008_x264,Abuse,validation,0.2735445499420166,0.25826576352119446,0.015278786420822144
Abuse008_x264,Abuse,validation,0.26715248823165894,0.2579249143600464,0.009227573871612549
Abuse008_x264,Abuse,validation,0.27396488189697266,0.2572316825389862,0.01673319935798645
Abuse008_x264,Abuse,validation,0.262364000082016,0.25864607095718384,0.0037179291248321533
Abuse008_x264,Abuse,validation,0.25399506092071533,0.2590476870536804,-0.005052626132965088
Abuse008_x264,Abuse,validation,0.2606329619884491,0.25663143396377563,0.004001528024673462
Abuse008_x264,Abuse,validation,0.26041099429130554,0.25915828347206116,0.0012527108192443848
Abuse008_x264,Abuse,validation,0.24953125417232513,0.2309422641992569,0.018588989973068237
Abuse008_x264,Abuse,validation,0.24903015792369843,0.22697454690933228,0.02205561101436615
Abuse008_x264,Abuse,validation,0.2482069432735443,0.2256125509738922,0.0225943922996521
Abuse008_x264,Abuse,validation,0.25539475679397583,0.23202136158943176,0.023373395204544067
Abuse008_x264,Abuse,validation,0.24714742600917816,0.22541210055351257,0.02173532545566559
Abuse008_x264,Abuse,validation,0.2463495433330536,0.23814702033996582,0.008202522993087769
Abuse008_x264,Abuse,validation,0.25260376930236816,0.24737848341464996,0.005225285887718201
Abuse008_x264,Abuse,validation,0.2601834833621979,0.2545650005340576,0.005618482828140259
Abuse008_x264,Abuse,validation,0.2569301128387451,0.2536477744579315,0.0032823383808135986
Abuse008_x264,Abuse,validation,0.25749218463897705,0.25306230783462524,0.004429876804351807
Abuse008_x264,Abuse,validation,0.2615699768066406,0.2539497911930084,0.007620185613632202
Abuse008_x264,Abuse,validation,0.2755289375782013,0.257593035697937,0.017935901880264282
Abuse008_x264,Abuse,validation,0.28010308742523193,0.25510913133621216,0.024993956089019775
Abuse008_x264,Abuse,validation,0.2745598256587982,0.2573535144329071,0.017206311225891113
Abuse008_x264,Abuse,validation,0.24541808664798737,0.22188623249530792,0.023531854152679443
Abuse008_x264,Abuse,validation,0.24985787272453308,0.22813203930854797,0.021725833415985107
Abuse008_x264,Abuse,validation,0.24378113448619843,0.22012744843959808,0.023653686046600342
Abuse008_x264,Abuse,validation,0.2405754178762436,0.21717569231987,0.023399725556373596
Abuse008_x264,Abuse,validation,0.24541103839874268,0.22302870452404022,0.022382333874702454
Abuse008_x264,Abuse,validation,0.2519276440143585,0.22696299850940704,0.024964645504951477
Abuse008_x264,Abuse,validation,0.24980294704437256,0.22745205461978912,0.022350892424583435
Abuse008_x264,Abuse,validation,0.2389291673898697,0.21677687764167786,0.022152289748191833
Abuse008_x264,Abuse,validation,0.23851032555103302,0.21727590262889862,0.0212344229221344
Abuse008_x264,Abuse,validation,0.24582578241825104,0.2245960235595703,0.021229758858680725
Abuse008_x264,Abuse,validation,0.24664214253425598,0.2201315015554428,0.02651064097881317
Abuse008_x264,Abuse,validation,0.24051319062709808,0.21480253338813782,0.025710657238960266
Abuse008_x264,Abuse,validation,0.24880041182041168,0.2264307737350464,0.022369638085365295
Abuse008_x264,Abuse,validation,0.24136415123939514,0.22284828126430511,0.018515869975090027
Abuse008_x264,Abuse,validation,0.23987537622451782,0.2204902172088623,0.019385159015655518
Abuse008_x264,Abuse,validation,0.2409031242132187,0.21955659985542297,0.021346524357795715
Abuse008_x264,Abuse,validation,0.2419142872095108,0.22151628136634827,0.020398005843162537
Abuse008_x264,Abuse,validation,0.24571485817432404,0.2240714430809021,0.021643415093421936
Abuse008_x264,Abuse,validation,0.24672716856002808,0.23090368509292603,0.01582348346710205
Abuse008_x264,Abuse,validation,0.2503783404827118,0.23254500329494476,0.01783333718776703
Abuse008_x264,Abuse,validation,0.2567417621612549,0.22670254111289978,0.030039221048355103
Abuse008_x264,Abuse,validation,0.2520275115966797,0.2281010001897812,0.0239265114068985
Abuse008_x264,Abuse,validation,0.25094282627105713,0.22740009427070618,0.023542732000350952
Abuse002_x264,Abuse,validation,0.2730002999305725,0.26082921028137207,0.01217108964920044
Abuse002_x264,Abuse,validation,0.2687299847602844,0.25638091564178467,0.012349069118499756
Abuse002_x264,Abuse,validation,0.2707228362560272,0.2611313760280609,0.009591460227966309
Abuse002_x264,Abuse,validation,0.2775295674800873,0.2570546269416809,0.020474940538406372
Abuse002_x264,Abuse,validation,0.27576592564582825,0.2551840841770172,0.020581841468811035
Arrest011_x264,Arrest,validation,0.2730002999305725,0.26082921028137207,0.01217108964920044
Arrest011_x264,Arrest,validation,0.2687299847602844,0.25638091564178467,0.012349069118499756
Arrest011_x264,Arrest,validation,0.2707228362560272,0.2611313760280609,0.009591460227966309
Arrest011_x264,Arrest,validation,0.2775295674800873,0.2570546269416809,0.020474940538406372
Arrest011_x264,Arrest,validation,0.27576592564582825,0.2551840841770172,0.020581841468811035
Arrest011_x264,Arrest,validation,0.27751603722572327,0.25783970952033997,0.0196763277053833
Arrest011_x264,Arrest,validation,0.2735445499420166,0.25826576352119446,0.015278786420822144
Arrest011_x264,Arrest,validation,0.26715248823165894,0.2579249143600464,0.009227573871612549
Arrest011_x264,Arrest,validation,0.27396488189697266,0.2572316825389862,0.01673319935798645
Arrest011_x264,Arrest,validation,0.262364000082016,0.25864607095718384,0.0037179291248321533
Arrest011_x264,Arrest,validation,0.25399506092071533,0.2590476870536804,-0.005052626132965088
Arrest011_x264,Arrest,validation,0.2606329619884491,0.25663143396377563,0.004001528024673462
Arrest011_x264,Arrest,validation,0.26041099429130554,0.25915828347206116,0.0012527108192443848
Arrest009_x264,Arrest,validation,0.2730002999305725,0.26082921028137207,0.01217108964920044
Arrest009_x264,Arrest,validation,0.2687299847602844,0.25638091564178467,0.012349069118499756
Arrest009_x264,Arrest,validation,0.2707228362560272,0.2611313760280609,0.009591460227966309
Arrest009_x264,Arrest,validation,0.2775295674800873,0.2570546269416809,0.020474940538406372
Arrest009_x264,Arrest,validation,0.27576592564582825,0.2551840841770172,0.020581841468811035
Arrest009_x264,Arrest,validation,0.27751603722572327,0.25783970952033997,0.0196763277053833
Arrest009_x264,Arrest,validation,0.2735445499420166,0.25826576352119446,0.015278786420822144
Arrest009_x264,Arrest,validation,0.26715248823165894,0.2579249143600464,0.009227573871612549
Arrest009_x264,Arrest,validation,0.27396488189697266,0.2572316825389862,0.01673319935798645
Arrest009_x264,Arrest,validation,0.262364000082016,0.25864607095718384,0.0037179291248321533
Arrest040_x264,Arrest,validation,0.2730002999305725,0.26082921028137207,0.01217108964920044
Arrest040_x264,Arrest,validation,0.2687299847602844,0.25638091564178467,0.012349069118499756
Arrest040_x264,Arrest,validation,0.2707228362560272,0.2611313760280609,0.009591460227966309
Arrest040_x264,Arrest,validation,0.2775295674800873,0.2570546269416809,0.020474940538406372
Arrest040_x264,Arrest,validation,0.27576592564582825,0.2551840841770172,0.020581841468811035
Arrest040_x264,Arrest,validation,0.27751603722572327,0.25783970952033997,0.0196763277053833
Arrest040_x264,Arrest,validation,0.2735445499420166,0.25826576352119446,0.015278786420822144
Arrest040_x264,Arrest,validation,0.26715248823165894,0.2579249143600464,0.009227573871612549
Arrest040_x264,Arrest,validation,0.27396488189697266,0.2572316825389862,0.01673319935798645
Arrest040_x264,Arrest,validation,0.262364000082016,0.25864607095718384,0.0037179291248321533
Arrest040_x264,Arrest,validation,0.25399506092071533,0.2590476870536804,-0.005052626132965088
Assault003_x264,Assault,validation,0.2730002999305725,0.26082921028137207,0.01217108964920044
Assault003_x264,Assault,validation,0.2687299847602844,0.25638091564178467,0.012349069118499756
Assault003_x264,Assault,validation,0.2707228362560272,0.2611313760280609,0.009591460227966309
Assault003_x264,Assault,validation,0.2775295674800873,0.2570546269416809,0.020474940538406372
Assault003_x264,Assault,validation,0.27576592564582825,0.2551840841770172,0.020581841468811035
Assault003_x264,Assault,validation,0.27751603722572327,0.25783970952033997,0.0196763277053833
Assault003_x264,Assault,validation,0.2735445499420166,0.25826576352119446,0.015278786420822144
Assault003_x264,Assault,validation,0.26715248823165894,0.2579249143600464,0.009227573871612549
Assault003_x264,Assault,validation,0.27396488189697266,0.2572316825389862,0.01673319935798645
Assault003_x264,Assault,validation,0.262364000082016,0.25864607095718384,0.0037179291248321533
Assault003_x264,Assault,validation,0.25399506092071533,0.2590476870536804,-0.005052626132965088
Assault003_x264,Assault,validation,0.2606329619884491,0.25663143396377563,0.004001528024673462
Assault003_x264,Assault,validation,0.26041099429130554,0.25915828347206116,0.0012527108192443848
Assault003_x264,Assault,validation,0.24953125417232513,0.2309422641992569,0.018588989973068237
Assault003_x264,Assault,validation,0.24903015792369843,0.22697454690933228,0.02205561101436615
Assault003_x264,Assault,validation,0.2482069432735443,0.2256125509738922,0.0225943922996521
Assault003_x264,Assault,validation,0.25539475679397583,0.23202136158943176,0.023373395204544067
Assault003_x264,Assault,validation,0.24714742600917816,0.22541210055351257,0.02173532545566559
Assault003_x264,Assault,validation,0.2463495433330536,0.23814702033996582,0.008202522993087769
Assault003_x264,Assault,validation,0.25260376930236816,0.24737848341464996,0.005225285887718201
Assault003_x264,Assault,validation,0.2601834833621979,0.2545650005340576,0.005618482828140259
Assault003_x264,Assault,validation,0.2569301128387451,0.2536477744579315,0.0032823383808135986
Assault003_x264,Assault,validation,0.25749218463897705,0.25306230783462524,0.004429876804351807
Assault003_x264,Assault,validation,0.2615699768066406,0.2539497911930084,0.007620185613632202
Assault003_x264,Assault,validation,0.2755289375782013,0.257593035697937,0.017935901880264282
Assault003_x264,Assault,validation,0.28010308742523193,0.25510913133621216,0.024993956089019775
Assault003_x264,Assault,validation,0.2745598256587982,0.2573535144329071,0.017206311225891113
Assault002_x264,Assault,validation,0.2730002999305725,0.26082921028137207,0.01217108964920044
Assault002_x264,Assault,validation,0.2687299847602844,0.25638091564178467,0.012349069118499756
Assault002_x264,Assault,validation,0.2707228362560272,0.2611313760280609,0.009591460227966309
Assault002_x264,Assault,validation,0.2775295674800873,0.2570546269416809,0.020474940538406372
Assault002_x264,Assault,validation,0.27576592564582825,0.2551840841770172,0.020581841468811035
Assault002_x264,Assault,validation,0.27751603722572327,0.25783970952033997,0.0196763277053833
Assault002_x264,Assault,validation,0.2735445499420166,0.25826576352119446,0.015278786420822144
Assault002_x264,Assault,validation,0.26715248823165894,0.2579249143600464,0.009227573871612549
Assault002_x264,Assault,validation,0.27396488189697266,0.2572316825389862,0.01673319935798645
Assault002_x264,Assault,validation,0.262364000082016,0.25864607095718384,0.0037179291248321533
Assault002_x264,Assault,validation,0.25399506092071533,0.2590476870536804,-0.005052626132965088
Assault002_x264,Assault,validation,0.2606329619884491,0.25663143396377563,0.004001528024673462
Assault002_x264,Assault,validation,0.26041099429130554,0.25915828347206116,0.0012527108192443848
Assault002_x264,Assault,validation,0.24953125417232513,0.2309422641992569,0.018588989973068237
Assault002_x264,Assault,validation,0.24903015792369843,0.22697454690933228,0.02205561101436615
Assault007_x264,Assault,validation,0.2730002999305725,0.26082921028137207,0.01217108964920044
Assault007_x264,Assault,validation,0.2687299847602844,0.25638091564178467,0.012349069118499756
Assault007_x264,Assault,validation,0.2707228362560272,0.2611313760280609,0.009591460227966309
Assault007_x264,Assault,validation,0.2775295674800873,0.2570546269416809,0.020474940538406372
Assault007_x264,Assault,validation,0.27576592564582825,0.2551840841770172,0.020581841468811035
Assault007_x264,Assault,validation,0.27751603722572327,0.25783970952033997,0.0196763277053833
Assault007_x264,Assault,validation,0.2735445499420166,0.25826576352119446,0.015278786420822144
Assault007_x264,Assault,validation,0.26715248823165894,0.2579249143600464,0.009227573871612549
Assault007_x264,Assault,validation,0.27396488189697266,0.2572316825389862,0.01673319935798645
Assault007_x264,Assault,validation,0.262364000082016,0.25864607095718384,0.0037179291248321533
Assault007_x264,Assault,validation,0.25399506092071533,0.2590476870536804,-0.005052626132965088
Assault007_x264,Assault,validation,0.2606329619884491,0.25663143396377563,0.004001528024673462
Burglary090_x264,Burglary,validation,0.2730002999305725,0.26082921028137207,0.01217108964920044
Burglary090_x264,Burglary,validation,0.2687299847602844,0.25638091564178467,0.012349069118499756
Burglary090_x264,Burglary,validation,0.2707228362560272,0.2611313760280609,0.009591460227966309
Burglary090_x264,Burglary,validation,0.2775295674800873,0.2570546269416809,0.020474940538406372
Burglary090_x264,Burglary,validation,0.27576592564582825,0.2551840841770172,0.020581841468811035
Burglary090_x264,Burglary,validation,0.27751603722572327,0.25783970952033997,0.0196763277053833
Burglary090_x264,Burglary,validation,0.2735445499420166,0.25826576352119446,0.015278786420822144
Burglary090_x264,Burglary,validation,0.26715248823165894,0.2579249143600464,0.009227573871612549
Burglary090_x264,Burglary,validation,0.27396488189697266,0.2572316825389862,0.01673319935798645
Burglary090_x264,Burglary,validation,0.262364000082016,0.25864607095718384,0.0037179291248321533
Burglary090_x264,Burglary,validation,0.25399506092071533,0.2590476870536804,-0.005052626132965088
Burglary090_x264,Burglary,validation,0.2606329619884491,0.25663143396377563,0.004001528024673462
Burglary090_x264,Burglary,validation,0.26041099429130554,0.25915828347206116,0.0012527108192443848
Burglary090_x264,Burglary,validation,0.24953125417232513,0.2309422641992569,0.018588989973068237
Burglary090_x264,Burglary,validation,0.24903015792369843,0.22697454690933228,0.02205561101436615
Burglary090_x264,Burglary,validation,0.2482069432735443,0.2256125509738922,0.0225943922996521
Burglary090_x264,Burglary,validation,0.25539475679397583,0.23202136158943176,0.023373395204544067
Burglary004_x264,Burglary,validation,0.2730002999305725,0.26082921028137207,0.01217108964920044
Burglary004_x264,Burglary,validation,0.2687299847602844,0.25638091564178467,0.012349069118499756
Burglary004_x264,Burglary,validation,0.2707228362560272,0.2611313760280609,0.009591460227966309
Burglary004_x264,Burglary,validation,0.2775295674800873,0.2570546269416809,0.020474940538406372
Burglary004_x264,Burglary,validation,0.27576592564582825,0.2551840841770172,0.020581841468811035
Burglary004_x264,Burglary,validation,0.27751603722572327,0.25783970952033997,0.0196763277053833
Burglary004_x264,Burglary,validation,0.2735445499420166,0.25826576352119446,0.015278786420822144
Burglary004_x264,Burglary,validation,0.26715248823165894,0.2579249143600464,0.009227573871612549
Burglary004_x264,Burglary,validation,0.27396488189697266,0.2572316825389862,0.01673319935798645
Burglary004_x264,Burglary,validation,0.262364000082016,0.25864607095718384,0.0037179291248321533
Burglary004_x264,Burglary,validation,0.25399506092071533,0.2590476870536804,-0.005052626132965088
Burglary084_x264,Burglary,validation,0.2730002999305725,0.26082921028137207,0.01217108964920044
Burglary084_x264,Burglary,validation,0.2687299847602844,0.25638091564178467,0.012349069118499756
Burglary084_x264,Burglary,validation,0.2707228362560272,0.2611313760280609,0.009591460227966309
Burglary084_x264,Burglary,validation,0.2775295674800873,0.2570546269416809,0.020474940538406372
Burglary084_x264,Burglary,validation,0.27576592564582825,0.2551840841770172,0.020581841468811035
Burglary084_x264,Burglary,validation,0.27751603722572327,0.25783970952033997,0.0196763277053833
Burglary084_x264,Burglary,validation,0.2735445499420166,0.25826576352119446,0.015278786420822144
Burglary084_x264,Burglary,validation,0.26715248823165894,0.2579249143600464,0.009227573871612549
Burglary084_x264,Burglary,validation,0.27396488189697266,0.2572316825389862,0.01673319935798645
Burglary084_x264,Burglary,validation,0.262364000082016,0.25864607095718384,0.0037179291248321533
Burglary084_x264,Burglary,validation,0.25399506092071533,0.2590476870536804,-0.005052626132965088
Burglary084_x264,Burglary,validation,0.2606329619884491,0.25663143396377563,0.004001528024673462
Burglary084_x264,Burglary,validation,0.26041099429130554,0.25915828347206116,0.0012527108192443848
Burglary084_x264,Burglary,validation,0.24953125417232513,0.2309422641992569,0.018588989973068237
Burglary084_x264,Burglary,validation,0.24903015792369843,0.22697454690933228,0.02205561101436615
Burglary084_x264,Burglary,validation,0.2482069432735443,0.2256125509738922,0.0225943922996521
Burglary084_x264,Burglary,validation,0.25539475679397583,0.23202136158943176,0.023373395204544067
Burglary084_x264,Burglary,validation,0.24714742600917816,0.22541210055351257,0.02173532545566559
Burglary084_x264,Burglary,validation,0.2463495433330536,0.23814702033996582,0.008202522993087769
Burglary084_x264,Burglary,validation,0.25260376930236816,0.24737848341464996,0.005225285887718201
Burglary084_x264,Burglary,validation,0.2601834833621979,0.2545650005340576,0.005618482828140259
Burglary084_x264,Burglary,validation,0.2569301128387451,0.2536477744579315,0.0032823383808135986
Burglary084_x264,Burglary,validation,0.25749218463897705,0.25306230783462524,0.004429876804351807
Burglary084_x264,Burglary,validation,0.2615699768066406,0.2539497911930084,0.007620185613632202
Burglary084_x264,Burglary,validation,0.2755289375782013,0.257593035697937,0.017935901880264282
Burglary084_x264,Burglary,validation,0.28010308742523193,0.25510913133621216,0.024993956089019775
Burglary084_x264,Burglary,validation,0.2745598256587982,0.2573535144329071,0.017206311225891113
Burglary084_x264,Burglary,validation,0.24541808664798737,0.22188623249530792,0.023531854152679443
Explosion030_x264,Explosion,validation,0.2730002999305725,0.26082921028137207,0.01217108964920044
Explosion030_x264,Explosion,validation,0.2687299847602844,0.25638091564178467,0.012349069118499756
Explosion030_x264,Explosion,validation,0.2707228362560272,0.2611313760280609,0.009591460227966309
Explosion030_x264,Explosion,validation,0.2775295674800873,0.2570546269416809,0.020474940538406372
Explosion030_x264,Explosion,validation,0.27576592564582825,0.2551840841770172,0.020581841468811035
Explosion030_x264,Explosion,validation,0.27751603722572327,0.25783970952033997,0.0196763277053833
Explosion030_x264,Explosion,validation,0.2735445499420166,0.25826576352119446,0.015278786420822144
Explosion030_x264,Explosion,validation,0.26715248823165894,0.2579249143600464,0.009227573871612549
Explosion030_x264,Explosion,validation,0.27396488189697266,0.2572316825389862,0.01673319935798645
Explosion030_x264,Explosion,validation,0.262364000082016,0.25864607095718384,0.0037179291248321533
Explosion030_x264,Explosion,validation,0.25399506092071533,0.2590476870536804,-0.005052626132965088
Explosion030_x264,Explosion,validation,0.2606329619884491,0.25663143396377563,0.004001528024673462
Explosion030_x264,Explosion,validation,0.26041099429130554,0.25915828347206116,0.0012527108192443848
Explosion030_x264,Explosion,validation,0.24953125417232513,0.2309422641992569,0.018588989973068237
Explosion030_x264,Explosion,validation,0.24903015792369843,0.22697454690933228,0.02205561101436615
Explosion030_x264,Explosion,validation,0.2482069432735443,0.2256125509738922,0.0225943922996521
Explosion030_x264,Explosion,validation,0.25539475679397583,0.23202136158943176,0.023373395204544067
Explosion030_x264,Explosion,validation,0.24714742600917816,0.22541210055351257,0.02173532545566559
Explosion030_x264,Explosion,validation,0.2463495433330536,0.23814702033996582,0.008202522993087769
Explosion030_x264,Explosion,validation,0.25260376930236816,0.24737848341464996,0.005225285887718201
Explosion015_x264,Explosion,validation,0.2730002999305725,0.26082921028137207,0.01217108964920044
Explosion015_x264,Explosion,validation,0.2687299847602844,0.25638091564178467,0.012349069118499756
Explosion015_x264,Explosion,validation,0.2707228362560272,0.2611313760280609,0.009591460227966309
Explosion015_x264,Explosion,validation,0.2775295674800873,0.2570546269416809,0.020474940538406372
Explosion015_x264,Explosion,validation,0.27576592564582825,0.2551840841770172,0.020581841468811035
Explosion032_x264,Explosion,validation,0.2730002999305725,0.26082921028137207,0.01217108964920044
Explosion032_x264,Explosion,validation,0.2687299847602844,0.25638091564178467,0.012349069118499756
Explosion032_x264,Explosion,validation,0.2707228362560272,0.2611313760280609,0.009591460227966309
Explosion032_x264,Explosion,validation,0.2775295674800873,0.2570546269416809,0.020474940538406372
Explosion032_x264,Explosion,validation,0.27576592564582825,0.2551840841770172,0.020581841468811035
Explosion032_x264,Explosion,validation,0.27751603722572327,0.25783970952033997,0.0196763277053833
Explosion032_x264,Explosion,validation,0.2735445499420166,0.25826576352119446,0.015278786420822144
Explosion032_x264,Explosion,validation,0.26715248823165894,0.2579249143600464,0.009227573871612549
Explosion032_x264,Explosion,validation,0.27396488189697266,0.2572316825389862,0.01673319935798645
Explosion032_x264,Explosion,validation,0.262364000082016,0.25864607095718384,0.0037179291248321533
Explosion032_x264,Explosion,validation,0.25399506092071533,0.2590476870536804,-0.005052626132965088
Explosion032_x264,Explosion,validation,0.2606329619884491,0.25663143396377563,0.004001528024673462
Explosion032_x264,Explosion,validation,0.26041099429130554,0.25915828347206116,0.0012527108192443848
Fighting013_x264,Fighting,validation,0.2730002999305725,0.26082921028137207,0.01217108964920044
Fighting013_x264,Fighting,validation,0.2687299847602844,0.25638091564178467,0.012349069118499756
Fighting013_x264,Fighting,validation,0.2707228362560272,0.2611313760280609,0.009591460227966309
Fighting013_x264,Fighting,validation,0.2775295674800873,0.2570546269416809,0.020474940538406372
Fighting013_x264,Fighting,validation,0.27576592564582825,0.2551840841770172,0.020581841468811035
Fighting013_x264,Fighting,validation,0.27751603722572327,0.25783970952033997,0.0196763277053833
Fighting013_x264,Fighting,validation,0.2735445499420166,0.25826576352119446,0.015278786420822144
Fighting013_x264,Fighting,validation,0.26715248823165894,0.2579249143600464,0.009227573871612549
Fighting013_x264,Fighting,validation,0.27396488189697266,0.2572316825389862,0.01673319935798645
Fighting031_x264,Fighting,validation,0.2730002999305725,0.26082921028137207,0.01217108964920044
Fighting031_x264,Fighting,validation,0.2687299847602844,0.25638091564178467,0.012349069118499756
Fighting031_x264,Fighting,validation,0.2707228362560272,0.2611313760280609,0.009591460227966309
Fighting031_x264,Fighting,validation,0.2775295674800873,0.2570546269416809,0.020474940538406372
Fighting031_x264,Fighting,validation,0.27576592564582825,0.2551840841770172,0.020581841468811035
Fighting031_x264,Fighting,validation,0.27751603722572327,0.25783970952033997,0.0196763277053833
Fighting031_x264,Fighting,validation,0.2735445499420166,0.25826576352119446,0.015278786420822144
Fighting031_x264,Fighting,validation,0.26715248823165894,0.2579249143600464,0.009227573871612549
Fighting031_x264,Fighting,validation,0.27396488189697266,0.2572316825389862,0.01673319935798645
Fighting031_x264,Fighting,validation,0.262364000082016,0.25864607095718384,0.0037179291248321533
Fighting031_x264,Fighting,validation,0.25399506092071533,0.2590476870536804,-0.005052626132965088
Fighting031_x264,Fighting,validation,0.2606329619884491,0.25663143396377563,0.004001528024673462
Fighting031_x264,Fighting,validation,0.26041099429130554,0.25915828347206116,0.0012527108192443848
Fighting031_x264,Fighting,validation,0.24953125417232513,0.2309422641992569,0.018588989973068237
Fighting031_x264,Fighting,validation,0.24903015792369843,0.22697454690933228,0.02205561101436615
Fighting031_x264,Fighting,validation,0.2482069432735443,0.2256125509738922,0.0225943922996521
Fighting031_x264,Fighting,validation,0.25539475679397583,0.23202136158943176,0.023373395204544067
Fighting031_x264,Fighting,validation,0.24714742600917816,0.22541210055351257,0.02173532545566559
Fighting031_x264,Fighting,validation,0.2463495433330536,0.23814702033996582,0.008202522993087769
Fighting031_x264,Fighting,validation,0.25260376930236816,0.24737848341464996,0.005225285887718201
Fighting031_x264,Fighting,validation,0.2601834833621979,0.2545650005340576,0.005618482828140259
Fighting031_x264,Fighting,validation,0.2569301128387451,0.2536477744579315,0.0032823383808135986
Fighting031_x264,Fighting,validation,0.25749218463897705,0.25306230783462524,0.004429876804351807
Fighting031_x264,Fighting,validation,0.2615699768066406,0.2539497911930084,0.007620185613632202
Fighting031_x264,Fighting,validation,0.2755289375782013,0.257593035697937,0.017935901880264282
Fighting031_x264,Fighting,validation,0.28010308742523193,0.25510913133621216,0.024993956089019775
Fighting031_x264,Fighting,validation,0.2745598256587982,0.2573535144329071,0.017206311225891113
Fighting031_x264,Fighting,validation,0.24541808664798737,0.22188623249530792,0.023531854152679443
Fighting031_x264,Fighting,validation,0.24985787272453308,0.22813203930854797,0.021725833415985107
Fighting031_x264,Fighting,validation,0.24378113448619843,0.22012744843959808,0.023653686046600342
Fighting031_x264,Fighting,validation,0.2405754178762436,0.21717569231987,0.023399725556373596
Fighting031_x264,Fighting,validation,0.24541103839874268,0.22302870452404022,0.022382333874702454
Fighting031_x264,Fighting,validation,0.2519276440143585,0.22696299850940704,0.024964645504951477
Fighting031_x264,Fighting,validation,0.24980294704437256,0.22745205461978912,0.022350892424583435
Fighting031_x264,Fighting,validation,0.2389291673898697,0.21677687764167786,0.022152289748191833
Fighting031_x264,Fighting,validation,0.23851032555103302,0.21727590262889862,0.0212344229221344
Fighting031_x264,Fighting,validation,0.24582578241825104,0.2245960235595703,0.021229758858680725
Fighting031_x264,Fighting,validation,0.24664214253425598,0.2201315015554428,0.02651064097881317
Fighting031_x264,Fighting,validation,0.24051319062709808,0.21480253338813782,0.025710657238960266
Fighting031_x264,Fighting,validation,0.24880041182041168,0.2264307737350464,0.022369638085365295
Fighting031_x264,Fighting,validation,0.24136415123939514,0.22284828126430511,0.018515869975090027
Fighting031_x264,Fighting,validation,0.23987537622451782,0.2204902172088623,0.019385159015655518
Fighting031_x264,Fighting,validation,0.2409031242132187,0.21955659985542297,0.021346524357795715
Fighting031_x264,Fighting,validation,0.2419142872095108,0.22151628136634827,0.020398005843162537
Fighting031_x264,Fighting,validation,0.24571485817432404,0.2240714430809021,0.021643415093421936
Fighting031_x264,Fighting,validation,0.24672716856002808,0.23090368509292603,0.01582348346710205
Fighting031_x264,Fighting,validation,0.2503783404827118,0.23254500329494476,0.01783333718776703
Fighting031_x264,Fighting,validation,0.2567417621612549,0.22670254111289978,0.030039221048355103
Fighting031_x264,Fighting,validation,0.2520275115966797,0.2281010001897812,0.0239265114068985
Fighting031_x264,Fighting,validation,0.25094282627105713,0.22740009427070618,0.023542732000350952
Fighting025_x264,Fighting,validation,0.2730002999305725,0.26082921028137207,0.01217108964920044
Fighting025_x264,Fighting,validation,0.2687299847602844,0.25638091564178467,0.012349069118499756
Fighting025_x264,Fighting,validation,0.2707228362560272,0.2611313760280609,0.009591460227966309
Fighting025_x264,Fighting,validation,0.2775295674800873,0.2570546269416809,0.020474940538406372
Fighting025_x264,Fighting,validation,0.27576592564582825,0.2551840841770172,0.020581841468811035
Fighting025_x264,Fighting,validation,0.27751603722572327,0.25783970952033997,0.0196763277053833
Fighting025_x264,Fighting,validation,0.2735445499420166,0.25826576352119446,0.015278786420822144
Fighting025_x264,Fighting,validation,0.26715248823165894,0.2579249143600464,0.009227573871612549
Fighting025_x264,Fighting,validation,0.27396488189697266,0.2572316825389862,0.01673319935798645
Fighting025_x264,Fighting,validation,0.262364000082016,0.25864607095718384,0.0037179291248321533
Fighting025_x264,Fighting,validation,0.25399506092071533,0.2590476870536804,-0.005052626132965088
Fighting025_x264,Fighting,validation,0.2606329619884491,0.25663143396377563,0.004001528024673462
Fighting025_x264,Fighting,validation,0.26041099429130554,0.25915828347206116,0.0012527108192443848
Fighting025_x264,Fighting,validation,0.24953125417232513,0.2309422641992569,0.018588989973068237
Fighting025_x264,Fighting,validation,0.24903015792369843,0.22697454690933228,0.02205561101436615
Fighting025_x264,Fighting,validation,0.2482069432735443,0.2256125509738922,0.0225943922996521
Fighting025_x264,Fighting,validation,0.25539475679397583,0.23202136158943176,0.023373395204544067
Fighting025_x264,Fighting,validation,0.24714742600917816,0.22541210055351257,0.02173532545566559
Fighting025_x264,Fighting,validation,0.2463495433330536,0.23814702033996582,0.008202522993087769
Fighting025_x264,Fighting,validation,0.25260376930236816,0.24737848341464996,0.005225285887718201
Fighting025_x264,Fighting,validation,0.2601834833621979,0.2545650005340576,0.005618482828140259
Fighting025_x264,Fighting,validation,0.2569301128387451,0.2536477744579315,0.0032823383808135986
Fighting025_x264,Fighting,validation,0.25749218463897705,0.25306230783462524,0.004429876804351807
Fighting025_x264,Fighting,validation,0.2615699768066406,0.2539497911930084,0.007620185613632202
Fighting025_x264,Fighting,validation,0.2755289375782013,0.257593035697937,0.017935901880264282
Fighting025_x264,Fighting,validation,0.28010308742523193,0.25510913133621216,0.024993956089019775
Fighting025_x264,Fighting,validation,0.2745598256587982,0.2573535144329071,0.017206311225891113
Fighting025_x264,Fighting,validation,0.24541808664798737,0.22188623249530792,0.023531854152679443
Fighting025_x264,Fighting,validation,0.24985787272453308,0.22813203930854797,0.021725833415985107
Normal_Videos861_x264,NormalVideos,validation,0.2730002999305725,0.26082921028137207,0.01217108964920044
Normal_Videos861_x264,NormalVideos,validation,0.2687299847602844,0.25638091564178467,0.012349069118499756
Normal_Videos861_x264,NormalVideos,validation,0.2707228362560272,0.2611313760280609,0.009591460227966309
Normal_Videos861_x264,NormalVideos,validation,0.2775295674800873,0.2570546269416809,0.020474940538406372
Normal_Videos861_x264,NormalVideos,validation,0.27576592564582825,0.2551840841770172,0.020581841468811035
Normal_Videos861_x264,NormalVideos,validation,0.27751603722572327,0.25783970952033997,0.0196763277053833
Normal_Videos861_x264,NormalVideos,validation,0.2735445499420166,0.25826576352119446,0.015278786420822144
Normal_Videos861_x264,NormalVideos,validation,0.26715248823165894,0.2579249143600464,0.009227573871612549
Normal_Videos861_x264,NormalVideos,validation,0.27396488189697266,0.2572316825389862,0.01673319935798645
Normal_Videos391_x264,NormalVideos,validation,0.2730002999305725,0.26082921028137207,0.01217108964920044
Normal_Videos391_x264,NormalVideos,validation,0.2687299847602844,0.25638091564178467,0.012349069118499756
Normal_Videos391_x264,NormalVideos,validation,0.2707228362560272,0.2611313760280609,0.009591460227966309
Normal_Videos391_x264,NormalVideos,validation,0.2775295674800873,0.2570546269416809,0.020474940538406372
Normal_Videos391_x264,NormalVideos,validation,0.27576592564582825,0.2551840841770172,0.020581841468811035
Normal_Videos391_x264,NormalVideos,validation,0.27751603722572327,0.25783970952033997,0.0196763277053833
Normal_Videos391_x264,NormalVideos,validation,0.2735445499420166,0.25826576352119446,0.015278786420822144
Normal_Videos391_x264,NormalVideos,validation,0.26715248823165894,0.2579249143600464,0.009227573871612549
Normal_Videos391_x264,NormalVideos,validation,0.27396488189697266,0.2572316825389862,0.01673319935798645
Normal_Videos391_x264,NormalVideos,validation,0.262364000082016,0.25864607095718384,0.0037179291248321533
Normal_Videos391_x264,NormalVideos,validation,0.25399506092071533,0.2590476870536804,-0.005052626132965088
Normal_Videos391_x264,NormalVideos,validation,0.2606329619884491,0.25663143396377563,0.004001528024673462
Normal_Videos391_x264,NormalVideos,validation,0.26041099429130554,0.25915828347206116,0.0012527108192443848
Normal_Videos391_x264,NormalVideos,validation,0.24953125417232513,0.2309422641992569,0.018588989973068237
Normal_Videos391_x264,NormalVideos,validation,0.24903015792369843,0.22697454690933228,0.02205561101436615
Normal_Videos391_x264,NormalVideos,validation,0.2482069432735443,0.2256125509738922,0.0225943922996521
Normal_Videos391_x264,NormalVideos,validation,0.25539475679397583,0.23202136158943176,0.023373395204544067
Normal_Videos391_x264,NormalVideos,validation,0.24714742600917816,0.22541210055351257,0.02173532545566559
Normal_Videos391_x264,NormalVideos,validation,0.2463495433330536,0.23814702033996582,0.008202522993087769
Normal_Videos391_x264,NormalVideos,validation,0.25260376930236816,0.24737848341464996,0.005225285887718201
Normal_Videos391_x264,NormalVideos,validation,0.2601834833621979,0.2545650005340576,0.005618482828140259
Normal_Videos391_x264,NormalVideos,validation,0.2569301128387451,0.2536477744579315,0.0032823383808135986
Normal_Videos391_x264,NormalVideos,validation,0.25749218463897705,0.25306230783462524,0.004429876804351807
Normal_Videos391_x264,NormalVideos,validation,0.2615699768066406,0.2539497911930084,0.007620185613632202
Normal_Videos391_x264,NormalVideos,validation,0.2755289375782013,0.257593035697937,0.017935901880264282
Normal_Videos391_x264,NormalVideos,validation,0.28010308742523193,0.25510913133621216,0.024993956089019775
Normal_Videos391_x264,NormalVideos,validation,0.2745598256587982,0.2573535144329071,0.017206311225891113
Normal_Videos391_x264,NormalVideos,validation,0.24541808664798737,0.22188623249530792,0.023531854152679443
Normal_Videos391_x264,NormalVideos,validation,0.24985787272453308,0.22813203930854797,0.021725833415985107
Normal_Videos391_x264,NormalVideos,validation,0.24378113448619843,0.22012744843959808,0.023653686046600342
Normal_Videos128_x264,NormalVideos,validation,0.2730002999305725,0.26082921028137207,0.01217108964920044
Normal_Videos128_x264,NormalVideos,validation,0.2687299847602844,0.25638091564178467,0.012349069118499756
Normal_Videos128_x264,NormalVideos,validation,0.2707228362560272,0.2611313760280609,0.009591460227966309
Normal_Videos128_x264,NormalVideos,validation,0.2775295674800873,0.2570546269416809,0.020474940538406372
Normal_Videos128_x264,NormalVideos,validation,0.27576592564582825,0.2551840841770172,0.020581841468811035
Normal_Videos128_x264,NormalVideos,validation,0.27751603722572327,0.25783970952033997,0.0196763277053833
Normal_Videos128_x264,NormalVideos,validation,0.2735445499420166,0.25826576352119446,0.015278786420822144
Normal_Videos128_x264,NormalVideos,validation,0.26715248823165894,0.2579249143600464,0.009227573871612549
Normal_Videos128_x264,NormalVideos,validation,0.27396488189697266,0.2572316825389862,0.01673319935798645
Normal_Videos128_x264,NormalVideos,validation,0.262364000082016,0.25864607095718384,0.0037179291248321533
Normal_Videos128_x264,NormalVideos,validation,0.25399506092071533,0.2590476870536804,-0.005052626132965088
Normal_Videos118_x264,NormalVideos,validation,0.2730002999305725,0.26082921028137207,0.01217108964920044
Normal_Videos118_x264,NormalVideos,validation,0.2687299847602844,0.25638091564178467,0.012349069118499756
Normal_Videos118_x264,NormalVideos,validation,0.2707228362560272,0.2611313760280609,0.009591460227966309
Normal_Videos118_x264,NormalVideos,validation,0.2775295674800873,0.2570546269416809,0.020474940538406372
Normal_Videos118_x264,NormalVideos,validation,0.27576592564582825,0.2551840841770172,0.020581841468811035
Normal_Videos438_x264,NormalVideos,validation,0.2730002999305725,0.26082921028137207,0.01217108964920044
Normal_Videos438_x264,NormalVideos,validation,0.2687299847602844,0.25638091564178467,0.012349069118499756
Normal_Videos438_x264,NormalVideos,validation,0.2707228362560272,0.2611313760280609,0.009591460227966309
Normal_Videos123_x264,NormalVideos,validation,0.2730002999305725,0.26082921028137207,0.01217108964920044
Normal_Videos123_x264,NormalVideos,validation,0.2687299847602844,0.25638091564178467,0.012349069118499756
Normal_Videos123_x264,NormalVideos,validation,0.2707228362560272,0.2611313760280609,0.009591460227966309
Normal_Videos123_x264,NormalVideos,validation,0.2775295674800873,0.2570546269416809,0.020474940538406372
Normal_Videos123_x264,NormalVideos,validation,0.27576592564582825,0.2551840841770172,0.020581841468811035
Normal_Videos123_x264,NormalVideos,validation,0.27751603722572327,0.25783970952033997,0.0196763277053833
Normal_Videos123_x264,NormalVideos,validation,0.2735445499420166,0.25826576352119446,0.015278786420822144
Normal_Videos123_x264,NormalVideos,validation,0.26715248823165894,0.2579249143600464,0.009227573871612549
Normal_Videos123_x264,NormalVideos,validation,0.27396488189697266,0.2572316825389862,0.01673319935798645
Normal_Videos123_x264,NormalVideos,validation,0.262364000082016,0.25864607095718384,0.0037179291248321533
Normal_Videos123_x264,NormalVideos,validation,0.25399506092071533,0.2590476870536804,-0.005052626132965088
Normal_Videos123_x264,NormalVideos,validation,0.2606329619884491,0.25663143396377563,0.004001528024673462
Normal_Videos123_x264,NormalVideos,validation,0.26041099429130554,0.25915828347206116,0.0012527108192443848
Normal_Videos123_x264,NormalVideos,validation,0.24953125417232513,0.2309422641992569,0.018588989973068237
Normal_Videos123_x264,NormalVideos,validation,0.24903015792369843,0.22697454690933228,0.02205561101436615
Normal_Videos123_x264,NormalVideos,validation,0.2482069432735443,0.2256125509738922,0.0225943922996521
Normal_Videos123_x264,NormalVideos,validation,0.25539475679397583,0.23202136158943176,0.023373395204544067
Normal_Videos123_x264,NormalVideos,validation,0.24714742600917816,0.22541210055351257,0.02173532545566559
Normal_Videos123_x264,NormalVideos,validation,0.2463495433330536,0.23814702033996582,0.008202522993087769
Normal_Videos123_x264,NormalVideos,validation,0.25260376930236816,0.24737848341464996,0.005225285887718201
Normal_Videos123_x264,NormalVideos,validation,0.2601834833621979,0.2545650005340576,0.005618482828140259
Normal_Videos123_x264,NormalVideos,validation,0.2569301128387451,0.2536477744579315,0.0032823383808135986
Normal_Videos123_x264,NormalVideos,validation,0.25749218463897705,0.25306230783462524,0.004429876804351807
Normal_Videos123_x264,NormalVideos,validation,0.2615699768066406,0.2539497911930084,0.007620185613632202
Normal_Videos123_x264,NormalVideos,validation,0.2755289375782013,0.257593035697937,0.017935901880264282
Normal_Videos123_x264,NormalVideos,validation,0.28010308742523193,0.25510913133621216,0.024993956089019775
Normal_Videos123_x264,NormalVideos,validation,0.2745598256587982,0.2573535144329071,0.017206311225891113
Normal_Videos123_x264,NormalVideos,validation,0.24541808664798737,0.22188623249530792,0.023531854152679443
Normal_Videos123_x264,NormalVideos,validation,0.24985787272453308,0.22813203930854797,0.021725833415985107
Normal_Videos123_x264,NormalVideos,validation,0.24378113448619843,0.22012744843959808,0.023653686046600342
Normal_Videos123_x264,NormalVideos,validation,0.2405754178762436,0.21717569231987,0.023399725556373596
Normal_Videos123_x264,NormalVideos,validation,0.24541103839874268,0.22302870452404022,0.022382333874702454
Normal_Videos123_x264,NormalVideos,validation,0.2519276440143585,0.22696299850940704,0.024964645504951477
Normal_Videos123_x264,NormalVideos,validation,0.24980294704437256,0.22745205461978912,0.022350892424583435
Normal_Videos123_x264,NormalVideos,validation,0.2389291673898697,0.21677687764167786,0.022152289748191833
Normal_Videos123_x264,NormalVideos,validation,0.23851032555103302,0.21727590262889862,0.0212344229221344
Normal_Videos123_x264,NormalVideos,validation,0.24582578241825104,0.2245960235595703,0.021229758858680725
Normal_Videos123_x264,NormalVideos,validation,0.24664214253425598,0.2201315015554428,0.02651064097881317
Normal_Videos123_x264,NormalVideos,validation,0.24051319062709808,0.21480253338813782,0.025710657238960266
Normal_Videos123_x264,NormalVideos,validation,0.24880041182041168,0.2264307737350464,0.022369638085365295
Normal_Videos123_x264,NormalVideos,validation,0.24136415123939514,0.22284828126430511,0.018515869975090027
Normal_Videos123_x264,NormalVideos,validation,0.23987537622451782,0.2204902172088623,0.019385159015655518
Normal_Videos123_x264,NormalVideos,validation,0.2409031242132187,0.21955659985542297,0.021346524357795715
Normal_Videos123_x264,NormalVideos,validation,0.2419142872095108,0.22151628136634827,0.020398005843162537
Normal_Videos123_x264,NormalVideos,validation,0.24571485817432404,0.2240714430809021,0.021643415093421936
Normal_Videos123_x264,NormalVideos,validation,0.24672716856002808,0.23090368509292603,0.01582348346710205
Normal_Videos123_x264,NormalVideos,validation,0.2503783404827118,0.23254500329494476,0.01783333718776703
Normal_Videos123_x264,NormalVideos,validation,0.2567417621612549,0.22670254111289978,0.030039221048355103
Normal_Videos123_x264,NormalVideos,validation,0.2520275115966797,0.2281010001897812,0.0239265114068985
Normal_Videos123_x264,NormalVideos,validation,0.25094282627105713,0.22740009427070618,0.023542732000350952
Normal_Videos415_x264,NormalVideos,validation,0.2730002999305725,0.26082921028137207,0.01217108964920044
Normal_Videos415_x264,NormalVideos,validation,0.2687299847602844,0.25638091564178467,0.012349069118499756
Normal_Videos415_x264,NormalVideos,validation,0.2707228362560272,0.2611313760280609,0.009591460227966309
Normal_Videos415_x264,NormalVideos,validation,0.2775295674800873,0.2570546269416809,0.020474940538406372
Normal_Videos415_x264,NormalVideos,validation,0.27576592564582825,0.2551840841770172,0.020581841468811035
Normal_Videos415_x264,NormalVideos,validation,0.27751603722572327,0.25783970952033997,0.0196763277053833
Normal_Videos415_x264,NormalVideos,validation,0.2735445499420166,0.25826576352119446,0.015278786420822144
Normal_Videos415_x264,NormalVideos,validation,0.26715248823165894,0.2579249143600464,0.009227573871612549
Normal_Videos415_x264,NormalVideos,validation,0.27396488189697266,0.2572316825389862,0.01673319935798645
Normal_Videos415_x264,NormalVideos,validation,0.262364000082016,0.25864607095718384,0.0037179291248321533
Normal_Videos415_x264,NormalVideos,validation,0.25399506092071533,0.2590476870536804,-0.005052626132965088
Normal_Videos415_x264,NormalVideos,validation,0.2606329619884491,0.25663143396377563,0.004001528024673462
Normal_Videos415_x264,NormalVideos,validation,0.26041099429130554,0.25915828347206116,0.0012527108192443848
Normal_Videos415_x264,NormalVideos,validation,0.24953125417232513,0.2309422641992569,0.018588989973068237
Normal_Videos415_x264,NormalVideos,validation,0.24903015792369843,0.22697454690933228,0.02205561101436615
Normal_Videos415_x264,NormalVideos,validation,0.2482069432735443,0.2256125509738922,0.0225943922996521
Normal_Videos415_x264,NormalVideos,validation,0.25539475679397583,0.23202136158943176,0.023373395204544067
Normal_Videos415_x264,NormalVideos,validation,0.24714742600917816,0.22541210055351257,0.02173532545566559
Normal_Videos415_x264,NormalVideos,validation,0.2463495433330536,0.23814702033996582,0.008202522993087769
Normal_Videos415_x264,NormalVideos,validation,0.25260376930236816,0.24737848341464996,0.005225285887718201
Normal_Videos415_x264,NormalVideos,validation,0.2601834833621979,0.2545650005340576,0.005618482828140259
Normal_Videos415_x264,NormalVideos,validation,0.2569301128387451,0.2536477744579315,0.0032823383808135986
Normal_Videos415_x264,NormalVideos,validation,0.25749218463897705,0.25306230783462524,0.004429876804351807
Normal_Videos415_x264,NormalVideos,validation,0.2615699768066406,0.2539497911930084,0.007620185613632202
Normal_Videos415_x264,NormalVideos,validation,0.2755289375782013,0.257593035697937,0.017935901880264282
Normal_Videos415_x264,NormalVideos,validation,0.28010308742523193,0.25510913133621216,0.024993956089019775
Normal_Videos415_x264,NormalVideos,validation,0.2745598256587982,0.2573535144329071,0.017206311225891113
Normal_Videos415_x264,NormalVideos,validation,0.24541808664798737,0.22188623249530792,0.023531854152679443
Normal_Videos415_x264,NormalVideos,validation,0.24985787272453308,0.22813203930854797,0.021725833415985107
Normal_Videos415_x264,NormalVideos,validation,0.24378113448619843,0.22012744843959808,0.023653686046600342
Normal_Videos415_x264,NormalVideos,validation,0.2405754178762436,0.21717569231987,0.023399725556373596
Normal_Videos415_x264,NormalVideos,validation,0.24541103839874268,0.22302870452404022,0.022382333874702454
Normal_Videos415_x264,NormalVideos,validation,0.2519276440143585,0.22696299850940704,0.024964645504951477
Normal_Videos415_x264,NormalVideos,validation,0.24980294704437256,0.22745205461978912,0.022350892424583435
Normal_Videos415_x264,NormalVideos,validation,0.2389291673898697,0.21677687764167786,0.022152289748191833
Normal_Videos415_x264,NormalVideos,validation,0.23851032555103302,0.21727590262889862,0.0212344229221344
Normal_Videos415_x264,NormalVideos,validation,0.24582578241825104,0.2245960235595703,0.021229758858680725
Normal_Videos415_x264,NormalVideos,validation,0.24664214253425598,0.2201315015554428,0.02651064097881317
Normal_Videos415_x264,NormalVideos,validation,0.24051319062709808,0.21480253338813782,0.025710657238960266
Normal_Videos415_x264,NormalVideos,validation,0.24880041182041168,0.2264307737350464,0.022369638085365295
Normal_Videos415_x264,NormalVideos,validation,0.24136415123939514,0.22284828126430511,0.018515869975090027
Normal_Videos415_x264,NormalVideos,validation,0.23987537622451782,0.2204902172088623,0.019385159015655518
Normal_Videos415_x264,NormalVideos,validation,0.2409031242132187,0.21955659985542297,0.021346524357795715
Normal_Videos415_x264,NormalVideos,validation,0.2419142872095108,0.22151628136634827,0.020398005843162537
Normal_Videos415_x264,NormalVideos,validation,0.24571485817432404,0.2240714430809021,0.021643415093421936
Normal_Videos415_x264,NormalVideos,validation,0.24672716856002808,0.23090368509292603,0.01582348346710205
Normal_Videos415_x264,NormalVideos,validation,0.2503783404827118,0.23254500329494476,0.01783333718776703
Normal_Videos415_x264,NormalVideos,validation,0.2567417621612549,0.22670254111289978,0.030039221048355103
Normal_Videos415_x264,NormalVideos,validation,0.2520275115966797,0.2281010001897812,0.0239265114068985
Normal_Videos415_x264,NormalVideos,validation,0.25094282627105713,0.22740009427070618,0.023542732000350952
Normal_Videos399_x264,NormalVideos,validation,0.2730002999305725,0.26082921028137207,0.01217108964920044
Normal_Videos399_x264,NormalVideos,validation,0.2687299847602844,0.25638091564178467,0.012349069118499756
Normal_Videos399_x264,NormalVideos,validation,0.2707228362560272,0.2611313760280609,0.009591460227966309
Normal_Videos399_x264,NormalVideos,validation,0.2775295674800873,0.2570546269416809,0.020474940538406372
Normal_Videos399_x264,NormalVideos,validation,0.27576592564582825,0.2551840841770172,0.020581841468811035
Normal_Videos399_x264,NormalVideos,validation,0.27751603722572327,0.25783970952033997,0.0196763277053833
Normal_Videos399_x264,NormalVideos,validation,0.2735445499420166,0.25826576352119446,0.015278786420822144
Normal_Videos399_x264,NormalVideos,validation,0.26715248823165894,0.2579249143600464,0.009227573871612549
Normal_Videos399_x264,NormalVideos,validation,0.27396488189697266,0.2572316825389862,0.01673319935798645
Normal_Videos399_x264,NormalVideos,validation,0.262364000082016,0.25864607095718384,0.0037179291248321533
Normal_Videos399_x264,NormalVideos,validation,0.25399506092071533,0.2590476870536804,-0.005052626132965088
Normal_Videos399_x264,NormalVideos,validation,0.2606329619884491,0.25663143396377563,0.004001528024673462
Normal_Videos399_x264,NormalVideos,validation,0.26041099429130554,0.25915828347206116,0.0012527108192443848
Normal_Videos399_x264,NormalVideos,validation,0.24953125417232513,0.2309422641992569,0.018588989973068237
Normal_Videos399_x264,NormalVideos,validation,0.24903015792369843,0.22697454690933228,0.02205561101436615
Normal_Videos399_x264,NormalVideos,validation,0.2482069432735443,0.2256125509738922,0.0225943922996521
Normal_Videos399_x264,NormalVideos,validation,0.25539475679397583,0.23202136158943176,0.023373395204544067
Normal_Videos399_x264,NormalVideos,validation,0.24714742600917816,0.22541210055351257,0.02173532545566559
Normal_Videos399_x264,NormalVideos,validation,0.2463495433330536,0.23814702033996582,0.008202522993087769
Normal_Videos399_x264,NormalVideos,validation,0.25260376930236816,0.24737848341464996,0.005225285887718201
Normal_Videos399_x264,NormalVideos,validation,0.2601834833621979,0.2545650005340576,0.005618482828140259
Normal_Videos679_x264,NormalVideos,validation,0.2730002999305725,0.26082921028137207,0.01217108964920044
Normal_Videos679_x264,NormalVideos,validation,0.2687299847602844,0.25638091564178467,0.012349069118499756
Normal_Videos679_x264,NormalVideos,validation,0.2707228362560272,0.2611313760280609,0.009591460227966309
Normal_Videos679_x264,NormalVideos,validation,0.2775295674800873,0.2570546269416809,0.020474940538406372
Normal_Videos679_x264,NormalVideos,validation,0.27576592564582825,0.2551840841770172,0.020581841468811035
Normal_Videos679_x264,NormalVideos,validation,0.27751603722572327,0.25783970952033997,0.0196763277053833
Normal_Videos679_x264,NormalVideos,validation,0.2735445499420166,0.25826576352119446,0.015278786420822144
Normal_Videos679_x264,NormalVideos,validation,0.26715248823165894,0.2579249143600464,0.009227573871612549
Normal_Videos679_x264,NormalVideos,validation,0.27396488189697266,0.2572316825389862,0.01673319935798645
Normal_Videos679_x264,NormalVideos,validation,0.262364000082016,0.25864607095718384,0.0037179291248321533
Normal_Videos679_x264,NormalVideos,validation,0.25399506092071533,0.2590476870536804,-0.005052626132965088
Normal_Videos679_x264,NormalVideos,validation,0.2606329619884491,0.25663143396377563,0.004001528024673462
Normal_Videos679_x264,NormalVideos,validation,0.26041099429130554,0.25915828347206116,0.0012527108192443848
Normal_Videos679_x264,NormalVideos,validation,0.24953125417232513,0.2309422641992569,0.018588989973068237
Normal_Videos679_x264,NormalVideos,validation,0.24903015792369843,0.22697454690933228,0.02205561101436615
Normal_Videos679_x264,NormalVideos,validation,0.2482069432735443,0.2256125509738922,0.0225943922996521
Normal_Videos679_x264,NormalVideos,validation,0.25539475679397583,0.23202136158943176,0.023373395204544067
Normal_Videos679_x264,NormalVideos,validation,0.24714742600917816,0.22541210055351257,0.02173532545566559
Normal_Videos679_x264,NormalVideos,validation,0.2463495433330536,0.23814702033996582,0.008202522993087769
Normal_Videos679_x264,NormalVideos,validation,0.25260376930236816,0.24737848341464996,0.005225285887718201
Normal_Videos679_x264,NormalVideos,validation,0.2601834833621979,0.2545650005340576,0.005618482828140259
Normal_Videos679_x264,NormalVideos,validation,0.2569301128387451,0.2536477744579315,0.0032823383808135986
Normal_Videos679_x264,NormalVideos,validation,0.25749218463897705,0.25306230783462524,0.004429876804351807
Normal_Videos679_x264,NormalVideos,validation,0.2615699768066406,0.2539497911930084,0.007620185613632202
Normal_Videos679_x264,NormalVideos,validation,0.2755289375782013,0.257593035697937,0.017935901880264282
Normal_Videos679_x264,NormalVideos,validation,0.28010308742523193,0.25510913133621216,0.024993956089019775
Normal_Videos679_x264,NormalVideos,validation,0.2745598256587982,0.2573535144329071,0.017206311225891113
Normal_Videos679_x264,NormalVideos,validation,0.24541808664798737,0.22188623249530792,0.023531854152679443
Normal_Videos679_x264,NormalVideos,validation,0.24985787272453308,0.22813203930854797,0.021725833415985107
Normal_Videos679_x264,NormalVideos,validation,0.24378113448619843,0.22012744843959808,0.023653686046600342
Normal_Videos679_x264,NormalVideos,validation,0.2405754178762436,0.21717569231987,0.023399725556373596
Normal_Videos679_x264,NormalVideos,validation,0.24541103839874268,0.22302870452404022,0.022382333874702454
Normal_Videos679_x264,NormalVideos,validation,0.2519276440143585,0.22696299850940704,0.024964645504951477
Normal_Videos679_x264,NormalVideos,validation,0.24980294704437256,0.22745205461978912,0.022350892424583435
Normal_Videos679_x264,NormalVideos,validation,0.2389291673898697,0.21677687764167786,0.022152289748191833
Normal_Videos679_x264,NormalVideos,validation,0.23851032555103302,0.21727590262889862,0.0212344229221344
Normal_Videos679_x264,NormalVideos,validation,0.24582578241825104,0.2245960235595703,0.021229758858680725
Normal_Videos679_x264,NormalVideos,validation,0.24664214253425598,0.2201315015554428,0.02651064097881317
Normal_Videos679_x264,NormalVideos,validation,0.24051319062709808,0.21480253338813782,0.025710657238960266
Normal_Videos679_x264,NormalVideos,validation,0.24880041182041168,0.2264307737350464,0.022369638085365295
Normal_Videos679_x264,NormalVideos,validation,0.24136415123939514,0.22284828126430511,0.018515869975090027
Normal_Videos679_x264,NormalVideos,validation,0.23987537622451782,0.2204902172088623,0.019385159015655518
Normal_Videos679_x264,NormalVideos,validation,0.2409031242132187,0.21955659985542297,0.021346524357795715
Normal_Videos679_x264,NormalVideos,validation,0.2419142872095108,0.22151628136634827,0.020398005843162537
Normal_Videos311_x264,NormalVideos,validation,0.2730002999305725,0.26082921028137207,0.01217108964920044
Normal_Videos311_x264,NormalVideos,validation,0.2687299847602844,0.25638091564178467,0.012349069118499756
Normal_Videos311_x264,NormalVideos,validation,0.2707228362560272,0.2611313760280609,0.009591460227966309
Normal_Videos311_x264,NormalVideos,validation,0.2775295674800873,0.2570546269416809,0.020474940538406372
Normal_Videos311_x264,NormalVideos,validation,0.27576592564582825,0.2551840841770172,0.020581841468811035
Normal_Videos311_x264,NormalVideos,validation,0.27751603722572327,0.25783970952033997,0.0196763277053833
Normal_Videos311_x264,NormalVideos,validation,0.2735445499420166,0.25826576352119446,0.015278786420822144
Normal_Videos311_x264,NormalVideos,validation,0.26715248823165894,0.2579249143600464,0.009227573871612549
Normal_Videos311_x264,NormalVideos,validation,0.27396488189697266,0.2572316825389862,0.01673319935798645
Normal_Videos311_x264,NormalVideos,validation,0.262364000082016,0.25864607095718384,0.0037179291248321533
Normal_Videos311_x264,NormalVideos,validation,0.25399506092071533,0.2590476870536804,-0.005052626132965088
Normal_Videos311_x264,NormalVideos,validation,0.2606329619884491,0.25663143396377563,0.004001528024673462
Normal_Videos311_x264,NormalVideos,validation,0.26041099429130554,0.25915828347206116,0.0012527108192443848
Normal_Videos311_x264,NormalVideos,validation,0.24953125417232513,0.2309422641992569,0.018588989973068237
Normal_Videos311_x264,NormalVideos,validation,0.24903015792369843,0.22697454690933228,0.02205561101436615
Normal_Videos065_x264,NormalVideos,validation,0.2730002999305725,0.26082921028137207,0.01217108964920044
Normal_Videos065_x264,NormalVideos,validation,0.2687299847602844,0.25638091564178467,0.012349069118499756
Normal_Videos065_x264,NormalVideos,validation,0.2707228362560272,0.2611313760280609,0.009591460227966309
Normal_Videos065_x264,NormalVideos,validation,0.2775295674800873,0.2570546269416809,0.020474940538406372
Normal_Videos065_x264,NormalVideos,validation,0.27576592564582825,0.2551840841770172,0.020581841468811035
Normal_Videos825_x264,NormalVideos,validation,0.2730002999305725,0.26082921028137207,0.01217108964920044
Normal_Videos825_x264,NormalVideos,validation,0.2687299847602844,0.25638091564178467,0.012349069118499756
Normal_Videos825_x264,NormalVideos,validation,0.2707228362560272,0.2611313760280609,0.009591460227966309
Normal_Videos825_x264,NormalVideos,validation,0.2775295674800873,0.2570546269416809,0.020474940538406372
Normal_Videos825_x264,NormalVideos,validation,0.27576592564582825,0.2551840841770172,0.020581841468811035
Normal_Videos825_x264,NormalVideos,validation,0.27751603722572327,0.25783970952033997,0.0196763277053833
Normal_Videos825_x264,NormalVideos,validation,0.2735445499420166,0.25826576352119446,0.015278786420822144
Normal_Videos825_x264,NormalVideos,validation,0.26715248823165894,0.2579249143600464,0.009227573871612549
Normal_Videos825_x264,NormalVideos,validation,0.27396488189697266,0.2572316825389862,0.01673319935798645
Normal_Videos825_x264,NormalVideos,validation,0.262364000082016,0.25864607095718384,0.0037179291248321533
Normal_Videos523_x264,NormalVideos,validation,0.2730002999305725,0.26082921028137207,0.01217108964920044
Normal_Videos523_x264,NormalVideos,validation,0.2687299847602844,0.25638091564178467,0.012349069118499756
Normal_Videos605_x264,NormalVideos,validation,0.2730002999305725,0.26082921028137207,0.01217108964920044
Normal_Videos605_x264,NormalVideos,validation,0.2687299847602844,0.25638091564178467,0.012349069118499756
Normal_Videos605_x264,NormalVideos,validation,0.2707228362560272,0.2611313760280609,0.009591460227966309
Normal_Videos605_x264,NormalVideos,validation,0.2775295674800873,0.2570546269416809,0.020474940538406372
Normal_Videos605_x264,NormalVideos,validation,0.27576592564582825,0.2551840841770172,0.020581841468811035
Normal_Videos605_x264,NormalVideos,validation,0.27751603722572327,0.25783970952033997,0.0196763277053833
Normal_Videos605_x264,NormalVideos,validation,0.2735445499420166,0.25826576352119446,0.015278786420822144
Normal_Videos605_x264,NormalVideos,validation,0.26715248823165894,0.2579249143600464,0.009227573871612549
Normal_Videos605_x264,NormalVideos,validation,0.27396488189697266,0.2572316825389862,0.01673319935798645
Normal_Videos605_x264,NormalVideos,validation,0.262364000082016,0.25864607095718384,0.0037179291248321533
Normal_Videos605_x264,NormalVideos,validation,0.25399506092071533,0.2590476870536804,-0.005052626132965088
Normal_Videos605_x264,NormalVideos,validation,0.2606329619884491,0.25663143396377563,0.004001528024673462
Normal_Videos605_x264,NormalVideos,validation,0.26041099429130554,0.25915828347206116,0.0012527108192443848
Normal_Videos605_x264,NormalVideos,validation,0.24953125417232513,0.2309422641992569,0.018588989973068237
Normal_Videos605_x264,NormalVideos,validation,0.24903015792369843,0.22697454690933228,0.02205561101436615
Normal_Videos605_x264,NormalVideos,validation,0.2482069432735443,0.2256125509738922,0.0225943922996521
Normal_Videos605_x264,NormalVideos,validation,0.25539475679397583,0.23202136158943176,0.023373395204544067
Normal_Videos605_x264,NormalVideos,validation,0.24714742600917816,0.22541210055351257,0.02173532545566559
Normal_Videos605_x264,NormalVideos,validation,0.2463495433330536,0.23814702033996582,0.008202522993087769
Normal_Videos605_x264,NormalVideos,validation,0.25260376930236816,0.24737848341464996,0.005225285887718201
Normal_Videos605_x264,NormalVideos,validation,0.2601834833621979,0.2545650005340576,0.005618482828140259
Normal_Videos605_x264,NormalVideos,validation,0.2569301128387451,0.2536477744579315,0.0032823383808135986
Normal_Videos605_x264,NormalVideos,validation,0.25749218463897705,0.25306230783462524,0.004429876804351807
Normal_Videos153_x264,NormalVideos,validation,0.2730002999305725,0.26082921028137207,0.01217108964920044
Normal_Videos153_x264,NormalVideos,validation,0.2687299847602844,0.25638091564178467,0.012349069118499756
Normal_Videos153_x264,NormalVideos,validation,0.2707228362560272,0.2611313760280609,0.009591460227966309
Normal_Videos153_x264,NormalVideos,validation,0.2775295674800873,0.2570546269416809,0.020474940538406372
Normal_Videos153_x264,NormalVideos,validation,0.27576592564582825,0.2551840841770172,0.020581841468811035
Normal_Videos153_x264,NormalVideos,validation,0.27751603722572327,0.25783970952033997,0.0196763277053833
Normal_Videos153_x264,NormalVideos,validation,0.2735445499420166,0.25826576352119446,0.015278786420822144
Normal_Videos153_x264,NormalVideos,validation,0.26715248823165894,0.2579249143600464,0.009227573871612549
Normal_Videos153_x264,NormalVideos,validation,0.27396488189697266,0.2572316825389862,0.01673319935798645
Normal_Videos153_x264,NormalVideos,validation,0.262364000082016,0.25864607095718384,0.0037179291248321533
Normal_Videos153_x264,NormalVideos,validation,0.25399506092071533,0.2590476870536804,-0.005052626132965088
Normal_Videos153_x264,NormalVideos,validation,0.2606329619884491,0.25663143396377563,0.004001528024673462
Normal_Videos153_x264,NormalVideos,validation,0.26041099429130554,0.25915828347206116,0.0012527108192443848
Normal_Videos153_x264,NormalVideos,validation,0.24953125417232513,0.2309422641992569,0.018588989973068237
Normal_Videos153_x264,NormalVideos,validation,0.24903015792369843,0.22697454690933228,0.02205561101436615
Normal_Videos153_x264,NormalVideos,validation,0.2482069432735443,0.2256125509738922,0.0225943922996521
Normal_Videos153_x264,NormalVideos,validation,0.25539475679397583,0.23202136158943176,0.023373395204544067
Normal_Videos153_x264,NormalVideos,validation,0.24714742600917816,0.22541210055351257,0.02173532545566559
Normal_Videos153_x264,NormalVideos,validation,0.2463495433330536,0.23814702033996582,0.008202522993087769
Normal_Videos153_x264,NormalVideos,validation,0.25260376930236816,0.24737848341464996,0.005225285887718201
Normal_Videos153_x264,NormalVideos,validation,0.2601834833621979,0.2545650005340576,0.005618482828140259
Normal_Videos153_x264,NormalVideos,validation,0.2569301128387451,0.2536477744579315,0.0032823383808135986
Normal_Videos153_x264,NormalVideos,validation,0.25749218463897705,0.25306230783462524,0.004429876804351807
Normal_Videos153_x264,NormalVideos,validation,0.2615699768066406,0.2539497911930084,0.007620185613632202
Normal_Videos153_x264,NormalVideos,validation,0.2755289375782013,0.257593035697937,0.017935901880264282
Normal_Videos153_x264,NormalVideos,validation,0.28010308742523193,0.25510913133621216,0.024993956089019775
Normal_Videos153_x264,NormalVideos,validation,0.2745598256587982,0.2573535144329071,0.017206311225891113
Normal_Videos153_x264,NormalVideos,validation,0.24541808664798737,0.22188623249530792,0.023531854152679443
Normal_Videos153_x264,NormalVideos,validation,0.24985787272453308,0.22813203930854797,0.021725833415985107
Normal_Videos153_x264,NormalVideos,validation,0.24378113448619843,0.22012744843959808,0.023653686046600342
Normal_Videos153_x264,NormalVideos,validation,0.2405754178762436,0.21717569231987,0.023399725556373596
Normal_Videos153_x264,NormalVideos,validation,0.24541103839874268,0.22302870452404022,0.022382333874702454
Normal_Videos153_x264,NormalVideos,validation,0.2519276440143585,0.22696299850940704,0.024964645504951477
Normal_Videos153_x264,NormalVideos,validation,0.24980294704437256,0.22745205461978912,0.022350892424583435
Normal_Videos153_x264,NormalVideos,validation,0.2389291673898697,0.21677687764167786,0.022152289748191833
Normal_Videos153_x264,NormalVideos,validation,0.23851032555103302,0.21727590262889862,0.0212344229221344
Normal_Videos153_x264,NormalVideos,validation,0.24582578241825104,0.2245960235595703,0.021229758858680725
Normal_Videos153_x264,NormalVideos,validation,0.24664214253425598,0.2201315015554428,0.02651064097881317
Normal_Videos153_x264,NormalVideos,validation,0.24051319062709808,0.21480253338813782,0.025710657238960266
Normal_Videos153_x264,NormalVideos,validation,0.24880041182041168,0.2264307737350464,0.022369638085365295
Normal_Videos153_x264,NormalVideos,validation,0.24136415123939514,0.22284828126430511,0.018515869975090027
Normal_Videos153_x264,NormalVideos,validation,0.23987537622451782,0.2204902172088623,0.019385159015655518
Normal_Videos153_x264,NormalVideos,validation,0.2409031242132187,0.21955659985542297,0.021346524357795715
Normal_Videos153_x264,NormalVideos,validation,0.2419142872095108,0.22151628136634827,0.020398005843162537
Normal_Videos153_x264,NormalVideos,validation,0.24571485817432404,0.2240714430809021,0.021643415093421936
Normal_Videos153_x264,NormalVideos,validation,0.24672716856002808,0.23090368509292603,0.01582348346710205
Normal_Videos153_x264,NormalVideos,validation,0.2503783404827118,0.23254500329494476,0.01783333718776703
Normal_Videos153_x264,NormalVideos,validation,0.2567417621612549,0.22670254111289978,0.030039221048355103
Normal_Videos153_x264,NormalVideos,validation,0.2520275115966797,0.2281010001897812,0.0239265114068985
Normal_Videos153_x264,NormalVideos,validation,0.25094282627105713,0.22740009427070618,0.023542732000350952
Normal_Videos436_x264,NormalVideos,validation,0.2730002999305725,0.26082921028137207,0.01217108964920044
Normal_Videos436_x264,NormalVideos,validation,0.2687299847602844,0.25638091564178467,0.012349069118499756
Normal_Videos436_x264,NormalVideos,validation,0.2707228362560272,0.2611313760280609,0.009591460227966309
Normal_Videos436_x264,NormalVideos,validation,0.2775295674800873,0.2570546269416809,0.020474940538406372
Normal_Videos436_x264,NormalVideos,validation,0.27576592564582825,0.2551840841770172,0.020581841468811035
Normal_Videos436_x264,NormalVideos,validation,0.27751603722572327,0.25783970952033997,0.0196763277053833
Normal_Videos436_x264,NormalVideos,validation,0.2735445499420166,0.25826576352119446,0.015278786420822144
Normal_Videos436_x264,NormalVideos,validation,0.26715248823165894,0.2579249143600464,0.009227573871612549
Normal_Videos436_x264,NormalVideos,validation,0.27396488189697266,0.2572316825389862,0.01673319935798645
Normal_Videos436_x264,NormalVideos,validation,0.262364000082016,0.25864607095718384,0.0037179291248321533
Normal_Videos436_x264,NormalVideos,validation,0.25399506092071533,0.2590476870536804,-0.005052626132965088
Normal_Videos436_x264,NormalVideos,validation,0.2606329619884491,0.25663143396377563,0.004001528024673462
Normal_Videos436_x264,NormalVideos,validation,0.26041099429130554,0.25915828347206116,0.0012527108192443848
Normal_Videos104_x264,NormalVideos,validation,0.2730002999305725,0.26082921028137207,0.01217108964920044
Normal_Videos104_x264,NormalVideos,validation,0.2687299847602844,0.25638091564178467,0.012349069118499756
Normal_Videos104_x264,NormalVideos,validation,0.2707228362560272,0.2611313760280609,0.009591460227966309
Normal_Videos104_x264,NormalVideos,validation,0.2775295674800873,0.2570546269416809,0.020474940538406372
Normal_Videos623_x264,NormalVideos,validation,0.2730002999305725,0.26082921028137207,0.01217108964920044
Normal_Videos623_x264,NormalVideos,validation,0.2687299847602844,0.25638091564178467,0.012349069118499756
Normal_Videos623_x264,NormalVideos,validation,0.2707228362560272,0.2611313760280609,0.009591460227966309
Normal_Videos623_x264,NormalVideos,validation,0.2775295674800873,0.2570546269416809,0.020474940538406372
Normal_Videos623_x264,NormalVideos,validation,0.27576592564582825,0.2551840841770172,0.020581841468811035
Normal_Videos623_x264,NormalVideos,validation,0.27751603722572327,0.25783970952033997,0.0196763277053833
Normal_Videos623_x264,NormalVideos,validation,0.2735445499420166,0.25826576352119446,0.015278786420822144
Normal_Videos623_x264,NormalVideos,validation,0.26715248823165894,0.2579249143600464,0.009227573871612549
Normal_Videos623_x264,NormalVideos,validation,0.27396488189697266,0.2572316825389862,0.01673319935798645
Normal_Videos623_x264,NormalVideos,validation,0.262364000082016,0.25864607095718384,0.0037179291248321533
Normal_Videos623_x264,NormalVideos,validation,0.25399506092071533,0.2590476870536804,-0.005052626132965088
Normal_Videos623_x264,NormalVideos,validation,0.2606329619884491,0.25663143396377563,0.004001528024673462
Normal_Videos623_x264,NormalVideos,validation,0.26041099429130554,0.25915828347206116,0.0012527108192443848
Normal_Videos623_x264,NormalVideos,validation,0.24953125417232513,0.2309422641992569,0.018588989973068237
Normal_Videos623_x264,NormalVideos,validation,0.24903015792369843,0.22697454690933228,0.02205561101436615
Normal_Videos623_x264,NormalVideos,validation,0.2482069432735443,0.2256125509738922,0.0225943922996521
Normal_Videos623_x264,NormalVideos,validation,0.25539475679397583,0.23202136158943176,0.023373395204544067
Normal_Videos623_x264,NormalVideos,validation,0.24714742600917816,0.22541210055351257,0.02173532545566559
Normal_Videos623_x264,NormalVideos,validation,0.2463495433330536,0.23814702033996582,0.008202522993087769
Normal_Videos623_x264,NormalVideos,validation,0.25260376930236816,0.24737848341464996,0.005225285887718201
Normal_Videos623_x264,NormalVideos,validation,0.2601834833621979,0.2545650005340576,0.005618482828140259
Normal_Videos623_x264,NormalVideos,validation,0.2569301128387451,0.2536477744579315,0.0032823383808135986
Normal_Videos623_x264,NormalVideos,validation,0.25749218463897705,0.25306230783462524,0.004429876804351807
Normal_Videos623_x264,NormalVideos,validation,0.2615699768066406,0.2539497911930084,0.007620185613632202
Normal_Videos623_x264,NormalVideos,validation,0.2755289375782013,0.257593035697937,0.017935901880264282
Normal_Videos623_x264,NormalVideos,validation,0.28010308742523193,0.25510913133621216,0.024993956089019775
Normal_Videos623_x264,NormalVideos,validation,0.2745598256587982,0.2573535144329071,0.017206311225891113
Normal_Videos623_x264,NormalVideos,validation,0.24541808664798737,0.22188623249530792,0.023531854152679443
Normal_Videos623_x264,NormalVideos,validation,0.24985787272453308,0.22813203930854797,0.021725833415985107
Normal_Videos623_x264,NormalVideos,validation,0.24378113448619843,0.22012744843959808,0.023653686046600342
Normal_Videos623_x264,NormalVideos,validation,0.2405754178762436,0.21717569231987,0.023399725556373596
Normal_Videos623_x264,NormalVideos,validation,0.24541103839874268,0.22302870452404022,0.022382333874702454
Normal_Videos623_x264,NormalVideos,validation,0.2519276440143585,0.22696299850940704,0.024964645504951477
Normal_Videos623_x264,NormalVideos,validation,0.24980294704437256,0.22745205461978912,0.022350892424583435
Normal_Videos623_x264,NormalVideos,validation,0.2389291673898697,0.21677687764167786,0.022152289748191833
Normal_Videos623_x264,NormalVideos,validation,0.23851032555103302,0.21727590262889862,0.0212344229221344
Normal_Videos623_x264,NormalVideos,validation,0.24582578241825104,0.2245960235595703,0.021229758858680725
Normal_Videos623_x264,NormalVideos,validation,0.24664214253425598,0.2201315015554428,0.02651064097881317
Normal_Videos623_x264,NormalVideos,validation,0.24051319062709808,0.21480253338813782,0.025710657238960266
Normal_Videos623_x264,NormalVideos,validation,0.24880041182041168,0.2264307737350464,0.022369638085365295
Normal_Videos623_x264,NormalVideos,validation,0.24136415123939514,0.22284828126430511,0.018515869975090027
Normal_Videos623_x264,NormalVideos,validation,0.23987537622451782,0.2204902172088623,0.019385159015655518
Normal_Videos623_x264,NormalVideos,validation,0.2409031242132187,0.21955659985542297,0.021346524357795715
Normal_Videos623_x264,NormalVideos,validation,0.2419142872095108,0.22151628136634827,0.020398005843162537
Normal_Videos623_x264,NormalVideos,validation,0.24571485817432404,0.2240714430809021,0.021643415093421936
Normal_Videos623_x264,NormalVideos,validation,0.24672716856002808,0.23090368509292603,0.01582348346710205
Normal_Videos623_x264,NormalVideos,validation,0.2503783404827118,0.23254500329494476,0.01783333718776703
Normal_Videos623_x264,NormalVideos,validation,0.2567417621612549,0.22670254111289978,0.030039221048355103
Normal_Videos623_x264,NormalVideos,validation,0.2520275115966797,0.2281010001897812,0.0239265114068985
Normal_Videos623_x264,NormalVideos,validation,0.25094282627105713,0.22740009427070618,0.023542732000350952
Normal_Videos343_x264,NormalVideos,validation,0.2730002999305725,0.26082921028137207,0.01217108964920044
Normal_Videos343_x264,NormalVideos,validation,0.2687299847602844,0.25638091564178467,0.012349069118499756
Normal_Videos343_x264,NormalVideos,validation,0.2707228362560272,0.2611313760280609,0.009591460227966309
Normal_Videos343_x264,NormalVideos,validation,0.2775295674800873,0.2570546269416809,0.020474940538406372
Normal_Videos343_x264,NormalVideos,validation,0.27576592564582825,0.2551840841770172,0.020581841468811035
Normal_Videos708_x264,NormalVideos,validation,0.2730002999305725,0.26082921028137207,0.01217108964920044
Normal_Videos708_x264,NormalVideos,validation,0.2687299847602844,0.25638091564178467,0.012349069118499756
Normal_Videos708_x264,NormalVideos,validation,0.2707228362560272,0.2611313760280609,0.009591460227966309
Normal_Videos708_x264,NormalVideos,validation,0.2775295674800873,0.2570546269416809,0.020474940538406372
Normal_Videos708_x264,NormalVideos,validation,0.27576592564582825,0.2551840841770172,0.020581841468811035
Normal_Videos708_x264,NormalVideos,validation,0.27751603722572327,0.25783970952033997,0.0196763277053833
Normal_Videos708_x264,NormalVideos,validation,0.2735445499420166,0.25826576352119446,0.015278786420822144
Normal_Videos708_x264,NormalVideos,validation,0.26715248823165894,0.2579249143600464,0.009227573871612549
Normal_Videos708_x264,NormalVideos,validation,0.27396488189697266,0.2572316825389862,0.01673319935798645
Normal_Videos708_x264,NormalVideos,validation,0.262364000082016,0.25864607095718384,0.0037179291248321533
Normal_Videos708_x264,NormalVideos,validation,0.25399506092071533,0.2590476870536804,-0.005052626132965088
Normal_Videos708_x264,NormalVideos,validation,0.2606329619884491,0.25663143396377563,0.004001528024673462
Normal_Videos708_x264,NormalVideos,validation,0.26041099429130554,0.25915828347206116,0.0012527108192443848
Normal_Videos708_x264,NormalVideos,validation,0.24953125417232513,0.2309422641992569,0.018588989973068237
Normal_Videos708_x264,NormalVideos,validation,0.24903015792369843,0.22697454690933228,0.02205561101436615
Normal_Videos708_x264,NormalVideos,validation,0.2482069432735443,0.2256125509738922,0.0225943922996521
Normal_Videos708_x264,NormalVideos,validation,0.25539475679397583,0.23202136158943176,0.023373395204544067
RoadAccidents060_x264,RoadAccidents,validation,0.2730002999305725,0.26082921028137207,0.01217108964920044
RoadAccidents060_x264,RoadAccidents,validation,0.2687299847602844,0.25638091564178467,0.012349069118499756
RoadAccidents060_x264,RoadAccidents,validation,0.2707228362560272,0.2611313760280609,0.009591460227966309
RoadAccidents060_x264,RoadAccidents,validation,0.2775295674800873,0.2570546269416809,0.020474940538406372
RoadAccidents060_x264,RoadAccidents,validation,0.27576592564582825,0.2551840841770172,0.020581841468811035
RoadAccidents040_x264,RoadAccidents,validation,0.2730002999305725,0.26082921028137207,0.01217108964920044
RoadAccidents040_x264,RoadAccidents,validation,0.2687299847602844,0.25638091564178467,0.012349069118499756
RoadAccidents040_x264,RoadAccidents,validation,0.2707228362560272,0.2611313760280609,0.009591460227966309
RoadAccidents040_x264,RoadAccidents,validation,0.2775295674800873,0.2570546269416809,0.020474940538406372
RoadAccidents040_x264,RoadAccidents,validation,0.27576592564582825,0.2551840841770172,0.020581841468811035
RoadAccidents040_x264,RoadAccidents,validation,0.27751603722572327,0.25783970952033997,0.0196763277053833
RoadAccidents040_x264,RoadAccidents,validation,0.2735445499420166,0.25826576352119446,0.015278786420822144
RoadAccidents040_x264,RoadAccidents,validation,0.26715248823165894,0.2579249143600464,0.009227573871612549
RoadAccidents040_x264,RoadAccidents,validation,0.27396488189697266,0.2572316825389862,0.01673319935798645
RoadAccidents040_x264,RoadAccidents,validation,0.262364000082016,0.25864607095718384,0.0037179291248321533
RoadAccidents040_x264,RoadAccidents,validation,0.25399506092071533,0.2590476870536804,-0.005052626132965088
RoadAccidents040_x264,RoadAccidents,validation,0.2606329619884491,0.25663143396377563,0.004001528024673462
RoadAccidents100_x264,RoadAccidents,validation,0.2730002999305725,0.26082921028137207,0.01217108964920044
RoadAccidents100_x264,RoadAccidents,validation,0.2687299847602844,0.25638091564178467,0.012349069118499756
RoadAccidents100_x264,RoadAccidents,validation,0.2707228362560272,0.2611313760280609,0.009591460227966309
Robbery019_x264,Robbery,validation,0.2730002999305725,0.26082921028137207,0.01217108964920044
Robbery019_x264,Robbery,validation,0.2687299847602844,0.25638091564178467,0.012349069118499756
Robbery019_x264,Robbery,validation,0.2707228362560272,0.2611313760280609,0.009591460227966309
Robbery019_x264,Robbery,validation,0.2775295674800873,0.2570546269416809,0.020474940538406372
Robbery019_x264,Robbery,validation,0.27576592564582825,0.2551840841770172,0.020581841468811035
Robbery019_x264,Robbery,validation,0.27751603722572327,0.25783970952033997,0.0196763277053833
Robbery019_x264,Robbery,validation,0.2735445499420166,0.25826576352119446,0.015278786420822144
Robbery019_x264,Robbery,validation,0.26715248823165894,0.2579249143600464,0.009227573871612549
Robbery019_x264,Robbery,validation,0.27396488189697266,0.2572316825389862,0.01673319935798645
Robbery019_x264,Robbery,validation,0.262364000082016,0.25864607095718384,0.0037179291248321533
Robbery019_x264,Robbery,validation,0.25399506092071533,0.2590476870536804,-0.005052626132965088
Robbery019_x264,Robbery,validation,0.2606329619884491,0.25663143396377563,0.004001528024673462
Robbery019_x264,Robbery,validation,0.26041099429130554,0.25915828347206116,0.0012527108192443848
Robbery019_x264,Robbery,validation,0.24953125417232513,0.2309422641992569,0.018588989973068237
Robbery019_x264,Robbery,validation,0.24903015792369843,0.22697454690933228,0.02205561101436615
Robbery019_x264,Robbery,validation,0.2482069432735443,0.2256125509738922,0.0225943922996521
Robbery019_x264,Robbery,validation,0.25539475679397583,0.23202136158943176,0.023373395204544067
Robbery019_x264,Robbery,validation,0.24714742600917816,0.22541210055351257,0.02173532545566559
Robbery019_x264,Robbery,validation,0.2463495433330536,0.23814702033996582,0.008202522993087769
Robbery019_x264,Robbery,validation,0.25260376930236816,0.24737848341464996,0.005225285887718201
Robbery019_x264,Robbery,validation,0.2601834833621979,0.2545650005340576,0.005618482828140259
Robbery019_x264,Robbery,validation,0.2569301128387451,0.2536477744579315,0.0032823383808135986
Robbery019_x264,Robbery,validation,0.25749218463897705,0.25306230783462524,0.004429876804351807
Robbery019_x264,Robbery,validation,0.2615699768066406,0.2539497911930084,0.007620185613632202
Robbery019_x264,Robbery,validation,0.2755289375782013,0.257593035697937,0.017935901880264282
Robbery019_x264,Robbery,validation,0.28010308742523193,0.25510913133621216,0.024993956089019775
Robbery019_x264,Robbery,validation,0.2745598256587982,0.2573535144329071,0.017206311225891113
Robbery019_x264,Robbery,validation,0.24541808664798737,0.22188623249530792,0.023531854152679443
Robbery019_x264,Robbery,validation,0.24985787272453308,0.22813203930854797,0.021725833415985107
Robbery019_x264,Robbery,validation,0.24378113448619843,0.22012744843959808,0.023653686046600342
Robbery019_x264,Robbery,validation,0.2405754178762436,0.21717569231987,0.023399725556373596
Robbery019_x264,Robbery,validation,0.24541103839874268,0.22302870452404022,0.022382333874702454
Robbery019_x264,Robbery,validation,0.2519276440143585,0.22696299850940704,0.024964645504951477
Robbery019_x264,Robbery,validation,0.24980294704437256,0.22745205461978912,0.022350892424583435
Robbery019_x264,Robbery,validation,0.2389291673898697,0.21677687764167786,0.022152289748191833
Robbery019_x264,Robbery,validation,0.23851032555103302,0.21727590262889862,0.0212344229221344
Robbery044_x264,Robbery,validation,0.2730002999305725,0.26082921028137207,0.01217108964920044
Robbery044_x264,Robbery,validation,0.2687299847602844,0.25638091564178467,0.012349069118499756
Robbery142_x264,Robbery,validation,0.2730002999305725,0.26082921028137207,0.01217108964920044
Robbery142_x264,Robbery,validation,0.2687299847602844,0.25638091564178467,0.012349069118499756
Robbery142_x264,Robbery,validation,0.2707228362560272,0.2611313760280609,0.009591460227966309
Robbery142_x264,Robbery,validation,0.2775295674800873,0.2570546269416809,0.020474940538406372
Robbery142_x264,Robbery,validation,0.27576592564582825,0.2551840841770172,0.020581841468811035
Robbery142_x264,Robbery,validation,0.27751603722572327,0.25783970952033997,0.0196763277053833
Robbery142_x264,Robbery,validation,0.2735445499420166,0.25826576352119446,0.015278786420822144
Robbery142_x264,Robbery,validation,0.26715248823165894,0.2579249143600464,0.009227573871612549
Robbery142_x264,Robbery,validation,0.27396488189697266,0.2572316825389862,0.01673319935798645
Robbery142_x264,Robbery,validation,0.262364000082016,0.25864607095718384,0.0037179291248321533
Robbery142_x264,Robbery,validation,0.25399506092071533,0.2590476870536804,-0.005052626132965088
Robbery142_x264,Robbery,validation,0.2606329619884491,0.25663143396377563,0.004001528024673462
Robbery142_x264,Robbery,validation,0.26041099429130554,0.25915828347206116,0.0012527108192443848
Robbery142_x264,Robbery,validation,0.24953125417232513,0.2309422641992569,0.018588989973068237
Robbery142_x264,Robbery,validation,0.24903015792369843,0.22697454690933228,0.02205561101436615
Shooting029_x264,Shooting,validation,0.2730002999305725,0.26082921028137207,0.01217108964920044
Shooting029_x264,Shooting,validation,0.2687299847602844,0.25638091564178467,0.012349069118499756
Shooting029_x264,Shooting,validation,0.2707228362560272,0.2611313760280609,0.009591460227966309
Shooting029_x264,Shooting,validation,0.2775295674800873,0.2570546269416809,0.020474940538406372
Shooting029_x264,Shooting,validation,0.27576592564582825,0.2551840841770172,0.020581841468811035
Shooting029_x264,Shooting,validation,0.27751603722572327,0.25783970952033997,0.0196763277053833
Shooting029_x264,Shooting,validation,0.2735445499420166,0.25826576352119446,0.015278786420822144
Shooting029_x264,Shooting,validation,0.26715248823165894,0.2579249143600464,0.009227573871612549
Shooting020_x264,Shooting,validation,0.2730002999305725,0.26082921028137207,0.01217108964920044
Shooting020_x264,Shooting,validation,0.2687299847602844,0.25638091564178467,0.012349069118499756
Shooting020_x264,Shooting,validation,0.2707228362560272,0.2611313760280609,0.009591460227966309
Shooting020_x264,Shooting,validation,0.2775295674800873,0.2570546269416809,0.020474940538406372
Shooting020_x264,Shooting,validation,0.27576592564582825,0.2551840841770172,0.020581841468811035
Shooting020_x264,Shooting,validation,0.27751603722572327,0.25783970952033997,0.0196763277053833
Shooting020_x264,Shooting,validation,0.2735445499420166,0.25826576352119446,0.015278786420822144
Shooting020_x264,Shooting,validation,0.26715248823165894,0.2579249143600464,0.009227573871612549
Shooting020_x264,Shooting,validation,0.27396488189697266,0.2572316825389862,0.01673319935798645
Shooting020_x264,Shooting,validation,0.262364000082016,0.25864607095718384,0.0037179291248321533
Shooting020_x264,Shooting,validation,0.25399506092071533,0.2590476870536804,-0.005052626132965088
Shooting020_x264,Shooting,validation,0.2606329619884491,0.25663143396377563,0.004001528024673462
Shooting020_x264,Shooting,validation,0.26041099429130554,0.25915828347206116,0.0012527108192443848
Shooting020_x264,Shooting,validation,0.24953125417232513,0.2309422641992569,0.018588989973068237
Shooting020_x264,Shooting,validation,0.24903015792369843,0.22697454690933228,0.02205561101436615
Shooting020_x264,Shooting,validation,0.2482069432735443,0.2256125509738922,0.0225943922996521
Shooting020_x264,Shooting,validation,0.25539475679397583,0.23202136158943176,0.023373395204544067
Shooting020_x264,Shooting,validation,0.24714742600917816,0.22541210055351257,0.02173532545566559
Shooting020_x264,Shooting,validation,0.2463495433330536,0.23814702033996582,0.008202522993087769
Shooting020_x264,Shooting,validation,0.25260376930236816,0.24737848341464996,0.005225285887718201
Shooting020_x264,Shooting,validation,0.2601834833621979,0.2545650005340576,0.005618482828140259
Shooting020_x264,Shooting,validation,0.2569301128387451,0.2536477744579315,0.0032823383808135986
Shooting020_x264,Shooting,validation,0.25749218463897705,0.25306230783462524,0.004429876804351807
Shooting020_x264,Shooting,validation,0.2615699768066406,0.2539497911930084,0.007620185613632202
Shooting020_x264,Shooting,validation,0.2755289375782013,0.257593035697937,0.017935901880264282
Shooting020_x264,Shooting,validation,0.28010308742523193,0.25510913133621216,0.024993956089019775
Shooting020_x264,Shooting,validation,0.2745598256587982,0.2573535144329071,0.017206311225891113
Shooting020_x264,Shooting,validation,0.24541808664798737,0.22188623249530792,0.023531854152679443
Shooting020_x264,Shooting,validation,0.24985787272453308,0.22813203930854797,0.021725833415985107
Shooting020_x264,Shooting,validation,0.24378113448619843,0.22012744843959808,0.023653686046600342
Shooting020_x264,Shooting,validation,0.2405754178762436,0.21717569231987,0.023399725556373596
Shooting042_x264,Shooting,validation,0.2730002999305725,0.26082921028137207,0.01217108964920044
Shooting042_x264,Shooting,validation,0.2687299847602844,0.25638091564178467,0.012349069118499756
Shooting042_x264,Shooting,validation,0.2707228362560272,0.2611313760280609,0.009591460227966309
Shooting042_x264,Shooting,validation,0.2775295674800873,0.2570546269416809,0.020474940538406372
Shooting042_x264,Shooting,validation,0.27576592564582825,0.2551840841770172,0.020581841468811035
Shooting042_x264,Shooting,validation,0.27751603722572327,0.25783970952033997,0.0196763277053833
Shooting042_x264,Shooting,validation,0.2735445499420166,0.25826576352119446,0.015278786420822144
Shooting042_x264,Shooting,validation,0.26715248823165894,0.2579249143600464,0.009227573871612549
Shooting042_x264,Shooting,validation,0.27396488189697266,0.2572316825389862,0.01673319935798645
Shoplifting047_x264,Shoplifting,validation,0.2730002999305725,0.26082921028137207,0.01217108964920044
Shoplifting047_x264,Shoplifting,validation,0.2687299847602844,0.25638091564178467,0.012349069118499756
Shoplifting047_x264,Shoplifting,validation,0.2707228362560272,0.2611313760280609,0.009591460227966309
Shoplifting047_x264,Shoplifting,validation,0.2775295674800873,0.2570546269416809,0.020474940538406372
Shoplifting047_x264,Shoplifting,validation,0.27576592564582825,0.2551840841770172,0.020581841468811035
Shoplifting047_x264,Shoplifting,validation,0.27751603722572327,0.25783970952033997,0.0196763277053833
Shoplifting047_x264,Shoplifting,validation,0.2735445499420166,0.25826576352119446,0.015278786420822144
Shoplifting047_x264,Shoplifting,validation,0.26715248823165894,0.2579249143600464,0.009227573871612549
Shoplifting047_x264,Shoplifting,validation,0.27396488189697266,0.2572316825389862,0.01673319935798645
Shoplifting047_x264,Shoplifting,validation,0.262364000082016,0.25864607095718384,0.0037179291248321533
Shoplifting047_x264,Shoplifting,validation,0.25399506092071533,0.2590476870536804,-0.005052626132965088
Shoplifting047_x264,Shoplifting,validation,0.2606329619884491,0.25663143396377563,0.004001528024673462
Shoplifting047_x264,Shoplifting,validation,0.26041099429130554,0.25915828347206116,0.0012527108192443848
Shoplifting047_x264,Shoplifting,validation,0.24953125417232513,0.2309422641992569,0.018588989973068237
Shoplifting025_x264,Shoplifting,validation,0.2730002999305725,0.26082921028137207,0.01217108964920044
Shoplifting025_x264,Shoplifting,validation,0.2687299847602844,0.25638091564178467,0.012349069118499756
Shoplifting025_x264,Shoplifting,validation,0.2707228362560272,0.2611313760280609,0.009591460227966309
Shoplifting025_x264,Shoplifting,validation,0.2775295674800873,0.2570546269416809,0.020474940538406372
Shoplifting025_x264,Shoplifting,validation,0.27576592564582825,0.2551840841770172,0.020581841468811035
Shoplifting025_x264,Shoplifting,validation,0.27751603722572327,0.25783970952033997,0.0196763277053833
Shoplifting025_x264,Shoplifting,validation,0.2735445499420166,0.25826576352119446,0.015278786420822144
Shoplifting025_x264,Shoplifting,validation,0.26715248823165894,0.2579249143600464,0.009227573871612549
Shoplifting025_x264,Shoplifting,validation,0.27396488189697266,0.2572316825389862,0.01673319935798645
Shoplifting025_x264,Shoplifting,validation,0.262364000082016,0.25864607095718384,0.0037179291248321533
Shoplifting025_x264,Shoplifting,validation,0.25399506092071533,0.2590476870536804,-0.005052626132965088
Shoplifting053_x264,Shoplifting,validation,0.2730002999305725,0.26082921028137207,0.01217108964920044
Shoplifting053_x264,Shoplifting,validation,0.2687299847602844,0.25638091564178467,0.012349069118499756
Shoplifting053_x264,Shoplifting,validation,0.2707228362560272,0.2611313760280609,0.009591460227966309
Shoplifting053_x264,Shoplifting,validation,0.2775295674800873,0.2570546269416809,0.020474940538406372
Shoplifting053_x264,Shoplifting,validation,0.27576592564582825,0.2551840841770172,0.020581841468811035
Shoplifting053_x264,Shoplifting,validation,0.27751603722572327,0.25783970952033997,0.0196763277053833
Shoplifting053_x264,Shoplifting,validation,0.2735445499420166,0.25826576352119446,0.015278786420822144
Shoplifting053_x264,Shoplifting,validation,0.26715248823165894,0.2579249143600464,0.009227573871612549
Shoplifting053_x264,Shoplifting,validation,0.27396488189697266,0.2572316825389862,0.01673319935798645
Shoplifting053_x264,Shoplifting,validation,0.262364000082016,0.25864607095718384,0.0037179291248321533
Shoplifting053_x264,Shoplifting,validation,0.25399506092071533,0.2590476870536804,-0.005052626132965088
Shoplifting053_x264,Shoplifting,validation,0.2606329619884491,0.25663143396377563,0.004001528024673462
Shoplifting053_x264,Shoplifting,validation,0.26041099429130554,0.25915828347206116,0.0012527108192443848
Vandalism016_x264,Vandalism,validation,0.2730002999305725,0.26082921028137207,0.01217108964920044
Vandalism016_x264,Vandalism,validation,0.2687299847602844,0.25638091564178467,0.012349069118499756
Vandalism016_x264,Vandalism,validation,0.2707228362560272,0.2611313760280609,0.009591460227966309
Vandalism016_x264,Vandalism,validation,0.2775295674800873,0.2570546269416809,0.020474940538406372
Vandalism016_x264,Vandalism,validation,0.27576592564582825,0.2551840841770172,0.020581841468811035
Vandalism016_x264,Vandalism,validation,0.27751603722572327,0.25783970952033997,0.0196763277053833
Vandalism016_x264,Vandalism,validation,0.2735445499420166,0.25826576352119446,0.015278786420822144
Vandalism016_x264,Vandalism,validation,0.26715248823165894,0.2579249143600464,0.009227573871612549
Vandalism016_x264,Vandalism,validation,0.27396488189697266,0.2572316825389862,0.01673319935798645
Vandalism016_x264,Vandalism,validation,0.262364000082016,0.25864607095718384,0.0037179291248321533
Vandalism016_x264,Vandalism,validation,0.25399506092071533,0.2590476870536804,-0.005052626132965088
Vandalism016_x264,Vandalism,validation,0.2606329619884491,0.25663143396377563,0.004001528024673462
Vandalism016_x264,Vandalism,validation,0.26041099429130554,0.25915828347206116,0.0012527108192443848
Vandalism016_x264,Vandalism,validation,0.24953125417232513,0.2309422641992569,0.018588989973068237
Vandalism016_x264,Vandalism,validation,0.24903015792369843,0.22697454690933228,0.02205561101436615
Vandalism016_x264,Vandalism,validation,0.2482069432735443,0.2256125509738922,0.0225943922996521
Vandalism016_x264,Vandalism,validation,0.25539475679397583,0.23202136158943176,0.023373395204544067
Vandalism016_x264,Vandalism,validation,0.24714742600917816,0.22541210055351257,0.02173532545566559
Vandalism016_x264,Vandalism,validation,0.2463495433330536,0.23814702033996582,0.008202522993087769
Vandalism016_x264,Vandalism,validation,0.25260376930236816,0.24737848341464996,0.005225285887718201
Vandalism016_x264,Vandalism,validation,0.2601834833621979,0.2545650005340576,0.005618482828140259
Vandalism016_x264,Vandalism,validation,0.2569301128387451,0.2536477744579315,0.0032823383808135986
Vandalism016_x264,Vandalism,validation,0.25749218463897705,0.25306230783462524,0.004429876804351807
Vandalism016_x264,Vandalism,validation,0.2615699768066406,0.2539497911930084,0.007620185613632202
Vandalism016_x264,Vandalism,validation,0.2755289375782013,0.257593035697937,0.017935901880264282
Vandalism016_x264,Vandalism,validation,0.28010308742523193,0.25510913133621216,0.024993956089019775
Vandalism016_x264,Vandalism,validation,0.2745598256587982,0.2573535144329071,0.017206311225891113
Vandalism016_x264,Vandalism,validation,0.24541808664798737,0.22188623249530792,0.023531854152679443
Vandalism016_x264,Vandalism,validation,0.24985787272453308,0.22813203930854797,0.021725833415985107
Vandalism016_x264,Vandalism,validation,0.24378113448619843,0.22012744843959808,0.023653686046600342
Vandalism016_x264,Vandalism,validation,0.2405754178762436,0.21717569231987,0.023399725556373596
Vandalism016_x264,Vandalism,validation,0.24541103839874268,0.22302870452404022,0.022382333874702454
Vandalism016_x264,Vandalism,validation,0.2519276440143585,0.22696299850940704,0.024964645504951477
Vandalism016_x264,Vandalism,validation,0.24980294704437256,0.22745205461978912,0.022350892424583435
Vandalism016_x264,Vandalism,validation,0.2389291673898697,0.21677687764167786,0.022152289748191833
Vandalism016_x264,Vandalism,validation,0.23851032555103302,0.21727590262889862,0.0212344229221344
Vandalism042_x264,Vandalism,validation,0.2730002999305725,0.26082921028137207,0.01217108964920044
Vandalism042_x264,Vandalism,validation,0.2687299847602844,0.25638091564178467,0.012349069118499756
Vandalism042_x264,Vandalism,validation,0.2707228362560272,0.2611313760280609,0.009591460227966309
Vandalism042_x264,Vandalism,validation,0.2775295674800873,0.2570546269416809,0.020474940538406372
Vandalism042_x264,Vandalism,validation,0.27576592564582825,0.2551840841770172,0.020581841468811035
Vandalism042_x264,Vandalism,validation,0.27751603722572327,0.25783970952033997,0.0196763277053833
Vandalism042_x264,Vandalism,validation,0.2735445499420166,0.25826576352119446,0.015278786420822144
Vandalism042_x264,Vandalism,validation,0.26715248823165894,0.2579249143600464,0.009227573871612549
Vandalism042_x264,Vandalism,validation,0.27396488189697266,0.2572316825389862,0.01673319935798645
Vandalism042_x264,Vandalism,validation,0.262364000082016,0.25864607095718384,0.0037179291248321533
Vandalism042_x264,Vandalism,validation,0.25399506092071533,0.2590476870536804,-0.005052626132965088
Vandalism042_x264,Vandalism,validation,0.2606329619884491,0.25663143396377563,0.004001528024673462
Vandalism042_x264,Vandalism,validation,0.26041099429130554,0.25915828347206116,0.0012527108192443848
Vandalism042_x264,Vandalism,validation,0.24953125417232513,0.2309422641992569,0.018588989973068237
Vandalism042_x264,Vandalism,validation,0.24903015792369843,0.22697454690933228,0.02205561101436615
Vandalism042_x264,Vandalism,validation,0.2482069432735443,0.2256125509738922,0.0225943922996521
Vandalism042_x264,Vandalism,validation,0.25539475679397583,0.23202136158943176,0.023373395204544067
Vandalism042_x264,Vandalism,validation,0.24714742600917816,0.22541210055351257,0.02173532545566559
Vandalism042_x264,Vandalism,validation,0.2463495433330536,0.23814702033996582,0.008202522993087769
Vandalism042_x264,Vandalism,validation,0.25260376930236816,0.24737848341464996,0.005225285887718201
Vandalism042_x264,Vandalism,validation,0.2601834833621979,0.2545650005340576,0.005618482828140259
Vandalism042_x264,Vandalism,validation,0.2569301128387451,0.2536477744579315,0.0032823383808135986
Vandalism024_x264,Vandalism,validation,0.2730002999305725,0.26082921028137207,0.01217108964920044
Vandalism024_x264,Vandalism,validation,0.2687299847602844,0.25638091564178467,0.012349069118499756
Vandalism024_x264,Vandalism,validation,0.2707228362560272,0.2611313760280609,0.009591460227966309
Vandalism024_x264,Vandalism,validation,0.2775295674800873,0.2570546269416809,0.020474940538406372
Vandalism024_x264,Vandalism,validation,0.27576592564582825,0.2551840841770172,0.020581841468811035
Vandalism024_x264,Vandalism,validation,0.27751603722572327,0.25783970952033997,0.0196763277053833
Abuse018_x264,Abuse,test,0.2730002999305725,0.26082921028137207,0.01217108964920044
Abuse018_x264,Abuse,test,0.2687299847602844,0.25638091564178467,0.012349069118499756
Abuse018_x264,Abuse,test,0.2707228362560272,0.2611313760280609,0.009591460227966309
Abuse018_x264,Abuse,test,0.2775295674800873,0.2570546269416809,0.020474940538406372
Abuse018_x264,Abuse,test,0.27576592564582825,0.2551840841770172,0.020581841468811035
Abuse018_x264,Abuse,test,0.27751603722572327,0.25783970952033997,0.0196763277053833
Abuse018_x264,Abuse,test,0.2735445499420166,0.25826576352119446,0.015278786420822144
Abuse018_x264,Abuse,test,0.26715248823165894,0.2579249143600464,0.009227573871612549
Abuse018_x264,Abuse,test,0.27396488189697266,0.2572316825389862,0.01673319935798645
Abuse018_x264,Abuse,test,0.262364000082016,0.25864607095718384,0.0037179291248321533
Abuse018_x264,Abuse,test,0.25399506092071533,0.2590476870536804,-0.005052626132965088
Abuse018_x264,Abuse,test,0.2606329619884491,0.25663143396377563,0.004001528024673462
Abuse018_x264,Abuse,test,0.26041099429130554,0.25915828347206116,0.0012527108192443848
Abuse018_x264,Abuse,test,0.24953125417232513,0.2309422641992569,0.018588989973068237
Abuse018_x264,Abuse,test,0.24903015792369843,0.22697454690933228,0.02205561101436615
Abuse016_x264,Abuse,test,0.2730002999305725,0.26082921028137207,0.01217108964920044
Abuse016_x264,Abuse,test,0.2687299847602844,0.25638091564178467,0.012349069118499756
Abuse016_x264,Abuse,test,0.2707228362560272,0.2611313760280609,0.009591460227966309
Abuse016_x264,Abuse,test,0.2775295674800873,0.2570546269416809,0.020474940538406372
Abuse016_x264,Abuse,test,0.27576592564582825,0.2551840841770172,0.020581841468811035
Abuse016_x264,Abuse,test,0.27751603722572327,0.25783970952033997,0.0196763277053833
Abuse016_x264,Abuse,test,0.2735445499420166,0.25826576352119446,0.015278786420822144
Abuse016_x264,Abuse,test,0.26715248823165894,0.2579249143600464,0.009227573871612549
Abuse015_x264,Abuse,test,0.2730002999305725,0.26082921028137207,0.01217108964920044
Abuse015_x264,Abuse,test,0.2687299847602844,0.25638091564178467,0.012349069118499756
Abuse015_x264,Abuse,test,0.2707228362560272,0.2611313760280609,0.009591460227966309
Abuse015_x264,Abuse,test,0.2775295674800873,0.2570546269416809,0.020474940538406372
Abuse015_x264,Abuse,test,0.27576592564582825,0.2551840841770172,0.020581841468811035
Abuse015_x264,Abuse,test,0.27751603722572327,0.25783970952033997,0.0196763277053833
Abuse015_x264,Abuse,test,0.2735445499420166,0.25826576352119446,0.015278786420822144
Abuse015_x264,Abuse,test,0.26715248823165894,0.2579249143600464,0.009227573871612549
Abuse015_x264,Abuse,test,0.27396488189697266,0.2572316825389862,0.01673319935798645
Abuse015_x264,Abuse,test,0.262364000082016,0.25864607095718384,0.0037179291248321533
Abuse015_x264,Abuse,test,0.25399506092071533,0.2590476870536804,-0.005052626132965088
Abuse015_x264,Abuse,test,0.2606329619884491,0.25663143396377563,0.004001528024673462
Abuse015_x264,Abuse,test,0.26041099429130554,0.25915828347206116,0.0012527108192443848
Abuse015_x264,Abuse,test,0.24953125417232513,0.2309422641992569,0.018588989973068237
Abuse015_x264,Abuse,test,0.24903015792369843,0.22697454690933228,0.02205561101436615
Abuse015_x264,Abuse,test,0.2482069432735443,0.2256125509738922,0.0225943922996521
Abuse015_x264,Abuse,test,0.25539475679397583,0.23202136158943176,0.023373395204544067
Abuse015_x264,Abuse,test,0.24714742600917816,0.22541210055351257,0.02173532545566559
Abuse015_x264,Abuse,test,0.2463495433330536,0.23814702033996582,0.008202522993087769
Abuse015_x264,Abuse,test,0.25260376930236816,0.24737848341464996,0.005225285887718201
Abuse015_x264,Abuse,test,0.2601834833621979,0.2545650005340576,0.005618482828140259
Abuse015_x264,Abuse,test,0.2569301128387451,0.2536477744579315,0.0032823383808135986
Abuse015_x264,Abuse,test,0.25749218463897705,0.25306230783462524,0.004429876804351807
Abuse015_x264,Abuse,test,0.2615699768066406,0.2539497911930084,0.007620185613632202
Abuse015_x264,Abuse,test,0.2755289375782013,0.257593035697937,0.017935901880264282
Abuse015_x264,Abuse,test,0.28010308742523193,0.25510913133621216,0.024993956089019775
Abuse015_x264,Abuse,test,0.2745598256587982,0.2573535144329071,0.017206311225891113
Abuse015_x264,Abuse,test,0.24541808664798737,0.22188623249530792,0.023531854152679443
Abuse015_x264,Abuse,test,0.24985787272453308,0.22813203930854797,0.021725833415985107
Abuse015_x264,Abuse,test,0.24378113448619843,0.22012744843959808,0.023653686046600342
Abuse015_x264,Abuse,test,0.2405754178762436,0.21717569231987,0.023399725556373596
Abuse015_x264,Abuse,test,0.24541103839874268,0.22302870452404022,0.022382333874702454
Abuse015_x264,Abuse,test,0.2519276440143585,0.22696299850940704,0.024964645504951477
Abuse015_x264,Abuse,test,0.24980294704437256,0.22745205461978912,0.022350892424583435
Abuse015_x264,Abuse,test,0.2389291673898697,0.21677687764167786,0.022152289748191833
Abuse015_x264,Abuse,test,0.23851032555103302,0.21727590262889862,0.0212344229221344
Abuse015_x264,Abuse,test,0.24582578241825104,0.2245960235595703,0.021229758858680725
Abuse015_x264,Abuse,test,0.24664214253425598,0.2201315015554428,0.02651064097881317
Abuse015_x264,Abuse,test,0.24051319062709808,0.21480253338813782,0.025710657238960266
Abuse015_x264,Abuse,test,0.24880041182041168,0.2264307737350464,0.022369638085365295
Abuse015_x264,Abuse,test,0.24136415123939514,0.22284828126430511,0.018515869975090027
Abuse015_x264,Abuse,test,0.23987537622451782,0.2204902172088623,0.019385159015655518
Abuse015_x264,Abuse,test,0.2409031242132187,0.21955659985542297,0.021346524357795715
Abuse015_x264,Abuse,test,0.2419142872095108,0.22151628136634827,0.020398005843162537
Abuse015_x264,Abuse,test,0.24571485817432404,0.2240714430809021,0.021643415093421936
Abuse015_x264,Abuse,test,0.24672716856002808,0.23090368509292603,0.01582348346710205
Abuse015_x264,Abuse,test,0.2503783404827118,0.23254500329494476,0.01783333718776703
Abuse015_x264,Abuse,test,0.2567417621612549,0.22670254111289978,0.030039221048355103
Abuse015_x264,Abuse,test,0.2520275115966797,0.2281010001897812,0.0239265114068985
Arrest008_x264,Arrest,test,0.2730002999305725,0.26082921028137207,0.01217108964920044
Arrest008_x264,Arrest,test,0.2687299847602844,0.25638091564178467,0.012349069118499756
Arrest008_x264,Arrest,test,0.2707228362560272,0.2611313760280609,0.009591460227966309
Arrest008_x264,Arrest,test,0.2775295674800873,0.2570546269416809,0.020474940538406372
Arrest008_x264,Arrest,test,0.27576592564582825,0.2551840841770172,0.020581841468811035
Arrest008_x264,Arrest,test,0.27751603722572327,0.25783970952033997,0.0196763277053833
Arrest008_x264,Arrest,test,0.2735445499420166,0.25826576352119446,0.015278786420822144
Arrest008_x264,Arrest,test,0.26715248823165894,0.2579249143600464,0.009227573871612549
Arrest008_x264,Arrest,test,0.27396488189697266,0.2572316825389862,0.01673319935798645
Arrest008_x264,Arrest,test,0.262364000082016,0.25864607095718384,0.0037179291248321533
Arrest008_x264,Arrest,test,0.25399506092071533,0.2590476870536804,-0.005052626132965088
Arrest008_x264,Arrest,test,0.2606329619884491,0.25663143396377563,0.004001528024673462
Arrest008_x264,Arrest,test,0.26041099429130554,0.25915828347206116,0.0012527108192443848
Arrest008_x264,Arrest,test,0.24953125417232513,0.2309422641992569,0.018588989973068237
Arrest008_x264,Arrest,test,0.24903015792369843,0.22697454690933228,0.02205561101436615
Arrest008_x264,Arrest,test,0.2482069432735443,0.2256125509738922,0.0225943922996521
Arrest008_x264,Arrest,test,0.25539475679397583,0.23202136158943176,0.023373395204544067
Arrest008_x264,Arrest,test,0.24714742600917816,0.22541210055351257,0.02173532545566559
Arrest008_x264,Arrest,test,0.2463495433330536,0.23814702033996582,0.008202522993087769
Arrest008_x264,Arrest,test,0.25260376930236816,0.24737848341464996,0.005225285887718201
Arrest008_x264,Arrest,test,0.2601834833621979,0.2545650005340576,0.005618482828140259
Arrest008_x264,Arrest,test,0.2569301128387451,0.2536477744579315,0.0032823383808135986
Arrest008_x264,Arrest,test,0.25749218463897705,0.25306230783462524,0.004429876804351807
Arrest008_x264,Arrest,test,0.2615699768066406,0.2539497911930084,0.007620185613632202
Arrest008_x264,Arrest,test,0.2755289375782013,0.257593035697937,0.017935901880264282
Arrest008_x264,Arrest,test,0.28010308742523193,0.25510913133621216,0.024993956089019775
Arrest008_x264,Arrest,test,0.2745598256587982,0.2573535144329071,0.017206311225891113
Arrest008_x264,Arrest,test,0.24541808664798737,0.22188623249530792,0.023531854152679443
Arrest008_x264,Arrest,test,0.24985787272453308,0.22813203930854797,0.021725833415985107
Arrest008_x264,Arrest,test,0.24378113448619843,0.22012744843959808,0.023653686046600342
Arrest008_x264,Arrest,test,0.2405754178762436,0.21717569231987,0.023399725556373596
Arrest008_x264,Arrest,test,0.24541103839874268,0.22302870452404022,0.022382333874702454
Arrest008_x264,Arrest,test,0.2519276440143585,0.22696299850940704,0.024964645504951477
Arrest008_x264,Arrest,test,0.24980294704437256,0.22745205461978912,0.022350892424583435
Arrest008_x264,Arrest,test,0.2389291673898697,0.21677687764167786,0.022152289748191833
Arrest008_x264,Arrest,test,0.23851032555103302,0.21727590262889862,0.0212344229221344
Arrest008_x264,Arrest,test,0.24582578241825104,0.2245960235595703,0.021229758858680725
Arrest008_x264,Arrest,test,0.24664214253425598,0.2201315015554428,0.02651064097881317
Arrest008_x264,Arrest,test,0.24051319062709808,0.21480253338813782,0.025710657238960266
Arrest043_x264,Arrest,test,0.2730002999305725,0.26082921028137207,0.01217108964920044
Arrest043_x264,Arrest,test,0.2687299847602844,0.25638091564178467,0.012349069118499756
Arrest043_x264,Arrest,test,0.2707228362560272,0.2611313760280609,0.009591460227966309
Arrest043_x264,Arrest,test,0.2775295674800873,0.2570546269416809,0.020474940538406372
Arrest043_x264,Arrest,test,0.27576592564582825,0.2551840841770172,0.020581841468811035
Arrest043_x264,Arrest,test,0.27751603722572327,0.25783970952033997,0.0196763277053833
Arrest043_x264,Arrest,test,0.2735445499420166,0.25826576352119446,0.015278786420822144
Arrest043_x264,Arrest,test,0.26715248823165894,0.2579249143600464,0.009227573871612549
Arrest043_x264,Arrest,test,0.27396488189697266,0.2572316825389862,0.01673319935798645
Arrest043_x264,Arrest,test,0.262364000082016,0.25864607095718384,0.0037179291248321533
Arrest043_x264,Arrest,test,0.25399506092071533,0.2590476870536804,-0.005052626132965088
Arrest043_x264,Arrest,test,0.2606329619884491,0.25663143396377563,0.004001528024673462
Arrest043_x264,Arrest,test,0.26041099429130554,0.25915828347206116,0.0012527108192443848
Arrest043_x264,Arrest,test,0.24953125417232513,0.2309422641992569,0.018588989973068237
Arrest043_x264,Arrest,test,0.24903015792369843,0.22697454690933228,0.02205561101436615
Arrest043_x264,Arrest,test,0.2482069432735443,0.2256125509738922,0.0225943922996521
Arrest043_x264,Arrest,test,0.25539475679397583,0.23202136158943176,0.023373395204544067
Arrest043_x264,Arrest,test,0.24714742600917816,0.22541210055351257,0.02173532545566559
Arrest043_x264,Arrest,test,0.2463495433330536,0.23814702033996582,0.008202522993087769
Arrest043_x264,Arrest,test,0.25260376930236816,0.24737848341464996,0.005225285887718201
Arrest043_x264,Arrest,test,0.2601834833621979,0.2545650005340576,0.005618482828140259
Arrest043_x264,Arrest,test,0.2569301128387451,0.2536477744579315,0.0032823383808135986
Arrest043_x264,Arrest,test,0.25749218463897705,0.25306230783462524,0.004429876804351807
Arrest043_x264,Arrest,test,0.2615699768066406,0.2539497911930084,0.007620185613632202
Arrest043_x264,Arrest,test,0.2755289375782013,0.257593035697937,0.017935901880264282
Arrest043_x264,Arrest,test,0.28010308742523193,0.25510913133621216,0.024993956089019775
Arrest043_x264,Arrest,test,0.2745598256587982,0.2573535144329071,0.017206311225891113
Arrest043_x264,Arrest,test,0.24541808664798737,0.22188623249530792,0.023531854152679443
Arrest043_x264,Arrest,test,0.24985787272453308,0.22813203930854797,0.021725833415985107
Arrest043_x264,Arrest,test,0.24378113448619843,0.22012744843959808,0.023653686046600342
Arrest043_x264,Arrest,test,0.2405754178762436,0.21717569231987,0.023399725556373596
Arrest043_x264,Arrest,test,0.24541103839874268,0.22302870452404022,0.022382333874702454
Arrest043_x264,Arrest,test,0.2519276440143585,0.22696299850940704,0.024964645504951477
Arrest043_x264,Arrest,test,0.24980294704437256,0.22745205461978912,0.022350892424583435
Arrest043_x264,Arrest,test,0.2389291673898697,0.21677687764167786,0.022152289748191833
Arrest043_x264,Arrest,test,0.23851032555103302,0.21727590262889862,0.0212344229221344
Arrest043_x264,Arrest,test,0.24582578241825104,0.2245960235595703,0.021229758858680725
Arrest043_x264,Arrest,test,0.24664214253425598,0.2201315015554428,0.02651064097881317
Arrest043_x264,Arrest,test,0.24051319062709808,0.21480253338813782,0.025710657238960266
Arrest043_x264,Arrest,test,0.24880041182041168,0.2264307737350464,0.022369638085365295
Arrest043_x264,Arrest,test,0.24136415123939514,0.22284828126430511,0.018515869975090027
Arrest043_x264,Arrest,test,0.23987537622451782,0.2204902172088623,0.019385159015655518
Arrest043_x264,Arrest,test,0.2409031242132187,0.21955659985542297,0.021346524357795715
Arrest043_x264,Arrest,test,0.2419142872095108,0.22151628136634827,0.020398005843162537
Arrest043_x264,Arrest,test,0.24571485817432404,0.2240714430809021,0.021643415093421936
Arrest043_x264,Arrest,test,0.24672716856002808,0.23090368509292603,0.01582348346710205
Arrest043_x264,Arrest,test,0.2503783404827118,0.23254500329494476,0.01783333718776703
Arrest043_x264,Arrest,test,0.2567417621612549,0.22670254111289978,0.030039221048355103
Arrest043_x264,Arrest,test,0.2520275115966797,0.2281010001897812,0.0239265114068985
Arrest043_x264,Arrest,test,0.25094282627105713,0.22740009427070618,0.023542732000350952
Arrest032_x264,Arrest,test,0.2730002999305725,0.26082921028137207,0.01217108964920044
Arrest032_x264,Arrest,test,0.2687299847602844,0.25638091564178467,0.012349069118499756
Arrest032_x264,Arrest,test,0.2707228362560272,0.2611313760280609,0.009591460227966309
Arrest032_x264,Arrest,test,0.2775295674800873,0.2570546269416809,0.020474940538406372
Arrest032_x264,Arrest,test,0.27576592564582825,0.2551840841770172,0.020581841468811035
Arrest032_x264,Arrest,test,0.27751603722572327,0.25783970952033997,0.0196763277053833
Arrest032_x264,Arrest,test,0.2735445499420166,0.25826576352119446,0.015278786420822144
Arrest032_x264,Arrest,test,0.26715248823165894,0.2579249143600464,0.009227573871612549
Arrest032_x264,Arrest,test,0.27396488189697266,0.2572316825389862,0.01673319935798645
Arrest032_x264,Arrest,test,0.262364000082016,0.25864607095718384,0.0037179291248321533
Assault017_x264,Assault,test,0.2730002999305725,0.26082921028137207,0.01217108964920044
Assault017_x264,Assault,test,0.2687299847602844,0.25638091564178467,0.012349069118499756
Assault017_x264,Assault,test,0.2707228362560272,0.2611313760280609,0.009591460227966309
Assault017_x264,Assault,test,0.2775295674800873,0.2570546269416809,0.020474940538406372
Assault017_x264,Assault,test,0.27576592564582825,0.2551840841770172,0.020581841468811035
Assault017_x264,Assault,test,0.27751603722572327,0.25783970952033997,0.0196763277053833
Assault017_x264,Assault,test,0.2735445499420166,0.25826576352119446,0.015278786420822144
Assault017_x264,Assault,test,0.26715248823165894,0.2579249143600464,0.009227573871612549
Assault017_x264,Assault,test,0.27396488189697266,0.2572316825389862,0.01673319935798645
Assault017_x264,Assault,test,0.262364000082016,0.25864607095718384,0.0037179291248321533
Assault017_x264,Assault,test,0.25399506092071533,0.2590476870536804,-0.005052626132965088
Assault017_x264,Assault,test,0.2606329619884491,0.25663143396377563,0.004001528024673462
Assault017_x264,Assault,test,0.26041099429130554,0.25915828347206116,0.0012527108192443848
Assault017_x264,Assault,test,0.24953125417232513,0.2309422641992569,0.018588989973068237
Assault017_x264,Assault,test,0.24903015792369843,0.22697454690933228,0.02205561101436615
Assault018_x264,Assault,test,0.2730002999305725,0.26082921028137207,0.01217108964920044
Assault018_x264,Assault,test,0.2687299847602844,0.25638091564178467,0.012349069118499756
Assault037_x264,Assault,test,0.2730002999305725,0.26082921028137207,0.01217108964920044
Assault037_x264,Assault,test,0.2687299847602844,0.25638091564178467,0.012349069118499756
Assault037_x264,Assault,test,0.2707228362560272,0.2611313760280609,0.009591460227966309
Assault037_x264,Assault,test,0.2775295674800873,0.2570546269416809,0.020474940538406372
Assault037_x264,Assault,test,0.27576592564582825,0.2551840841770172,0.020581841468811035
Assault037_x264,Assault,test,0.27751603722572327,0.25783970952033997,0.0196763277053833
Assault037_x264,Assault,test,0.2735445499420166,0.25826576352119446,0.015278786420822144
Assault037_x264,Assault,test,0.26715248823165894,0.2579249143600464,0.009227573871612549
Assault037_x264,Assault,test,0.27396488189697266,0.2572316825389862,0.01673319935798645
Assault037_x264,Assault,test,0.262364000082016,0.25864607095718384,0.0037179291248321533
Assault037_x264,Assault,test,0.25399506092071533,0.2590476870536804,-0.005052626132965088
Assault037_x264,Assault,test,0.2606329619884491,0.25663143396377563,0.004001528024673462
Assault037_x264,Assault,test,0.26041099429130554,0.25915828347206116,0.0012527108192443848
Assault037_x264,Assault,test,0.24953125417232513,0.2309422641992569,0.018588989973068237
Assault037_x264,Assault,test,0.24903015792369843,0.22697454690933228,0.02205561101436615
Assault037_x264,Assault,test,0.2482069432735443,0.2256125509738922,0.0225943922996521
Assault037_x264,Assault,test,0.25539475679397583,0.23202136158943176,0.023373395204544067
Assault037_x264,Assault,test,0.24714742600917816,0.22541210055351257,0.02173532545566559
Assault037_x264,Assault,test,0.2463495433330536,0.23814702033996582,0.008202522993087769
Assault037_x264,Assault,test,0.25260376930236816,0.24737848341464996,0.005225285887718201
Burglary031_x264,Burglary,test,0.2730002999305725,0.26082921028137207,0.01217108964920044
Burglary031_x264,Burglary,test,0.2687299847602844,0.25638091564178467,0.012349069118499756
Burglary031_x264,Burglary,test,0.2707228362560272,0.2611313760280609,0.009591460227966309
Burglary031_x264,Burglary,test,0.2775295674800873,0.2570546269416809,0.020474940538406372
Burglary031_x264,Burglary,test,0.27576592564582825,0.2551840841770172,0.020581841468811035
Burglary031_x264,Burglary,test,0.27751603722572327,0.25783970952033997,0.0196763277053833
Burglary031_x264,Burglary,test,0.2735445499420166,0.25826576352119446,0.015278786420822144
Burglary031_x264,Burglary,test,0.26715248823165894,0.2579249143600464,0.009227573871612549
Burglary031_x264,Burglary,test,0.27396488189697266,0.2572316825389862,0.01673319935798645
Burglary031_x264,Burglary,test,0.262364000082016,0.25864607095718384,0.0037179291248321533
Burglary031_x264,Burglary,test,0.25399506092071533,0.2590476870536804,-0.005052626132965088
Burglary031_x264,Burglary,test,0.2606329619884491,0.25663143396377563,0.004001528024673462
Burglary031_x264,Burglary,test,0.26041099429130554,0.25915828347206116,0.0012527108192443848
Burglary031_x264,Burglary,test,0.24953125417232513,0.2309422641992569,0.018588989973068237
Burglary031_x264,Burglary,test,0.24903015792369843,0.22697454690933228,0.02205561101436615
Burglary031_x264,Burglary,test,0.2482069432735443,0.2256125509738922,0.0225943922996521
Burglary031_x264,Burglary,test,0.25539475679397583,0.23202136158943176,0.023373395204544067
Burglary031_x264,Burglary,test,0.24714742600917816,0.22541210055351257,0.02173532545566559
Burglary031_x264,Burglary,test,0.2463495433330536,0.23814702033996582,0.008202522993087769
Burglary031_x264,Burglary,test,0.25260376930236816,0.24737848341464996,0.005225285887718201
Burglary031_x264,Burglary,test,0.2601834833621979,0.2545650005340576,0.005618482828140259
Burglary031_x264,Burglary,test,0.2569301128387451,0.2536477744579315,0.0032823383808135986
Burglary031_x264,Burglary,test,0.25749218463897705,0.25306230783462524,0.004429876804351807
Burglary031_x264,Burglary,test,0.2615699768066406,0.2539497911930084,0.007620185613632202
Burglary031_x264,Burglary,test,0.2755289375782013,0.257593035697937,0.017935901880264282
Burglary031_x264,Burglary,test,0.28010308742523193,0.25510913133621216,0.024993956089019775
Burglary031_x264,Burglary,test,0.2745598256587982,0.2573535144329071,0.017206311225891113
Burglary031_x264,Burglary,test,0.24541808664798737,0.22188623249530792,0.023531854152679443
Burglary031_x264,Burglary,test,0.24985787272453308,0.22813203930854797,0.021725833415985107
Burglary031_x264,Burglary,test,0.24378113448619843,0.22012744843959808,0.023653686046600342
Burglary031_x264,Burglary,test,0.2405754178762436,0.21717569231987,0.023399725556373596
Burglary031_x264,Burglary,test,0.24541103839874268,0.22302870452404022,0.022382333874702454
Burglary031_x264,Burglary,test,0.2519276440143585,0.22696299850940704,0.024964645504951477
Burglary031_x264,Burglary,test,0.24980294704437256,0.22745205461978912,0.022350892424583435
Burglary031_x264,Burglary,test,0.2389291673898697,0.21677687764167786,0.022152289748191833
Burglary031_x264,Burglary,test,0.23851032555103302,0.21727590262889862,0.0212344229221344
Burglary031_x264,Burglary,test,0.24582578241825104,0.2245960235595703,0.021229758858680725
Burglary031_x264,Burglary,test,0.24664214253425598,0.2201315015554428,0.02651064097881317
Burglary031_x264,Burglary,test,0.24051319062709808,0.21480253338813782,0.025710657238960266
Burglary097_x264,Burglary,test,0.2730002999305725,0.26082921028137207,0.01217108964920044
Burglary082_x264,Burglary,test,0.2730002999305725,0.26082921028137207,0.01217108964920044
Burglary082_x264,Burglary,test,0.2687299847602844,0.25638091564178467,0.012349069118499756
Burglary082_x264,Burglary,test,0.2707228362560272,0.2611313760280609,0.009591460227966309
Burglary082_x264,Burglary,test,0.2775295674800873,0.2570546269416809,0.020474940538406372
Burglary082_x264,Burglary,test,0.27576592564582825,0.2551840841770172,0.020581841468811035
Burglary082_x264,Burglary,test,0.27751603722572327,0.25783970952033997,0.0196763277053833
Burglary082_x264,Burglary,test,0.2735445499420166,0.25826576352119446,0.015278786420822144
Burglary082_x264,Burglary,test,0.26715248823165894,0.2579249143600464,0.009227573871612549
Burglary082_x264,Burglary,test,0.27396488189697266,0.2572316825389862,0.01673319935798645
Burglary082_x264,Burglary,test,0.262364000082016,0.25864607095718384,0.0037179291248321533
Burglary082_x264,Burglary,test,0.25399506092071533,0.2590476870536804,-0.005052626132965088
Burglary082_x264,Burglary,test,0.2606329619884491,0.25663143396377563,0.004001528024673462
Burglary082_x264,Burglary,test,0.26041099429130554,0.25915828347206116,0.0012527108192443848
Burglary082_x264,Burglary,test,0.24953125417232513,0.2309422641992569,0.018588989973068237
Burglary082_x264,Burglary,test,0.24903015792369843,0.22697454690933228,0.02205561101436615
Burglary082_x264,Burglary,test,0.2482069432735443,0.2256125509738922,0.0225943922996521
Burglary082_x264,Burglary,test,0.25539475679397583,0.23202136158943176,0.023373395204544067
Explosion040_x264,Explosion,test,0.2730002999305725,0.26082921028137207,0.01217108964920044
Explosion040_x264,Explosion,test,0.2687299847602844,0.25638091564178467,0.012349069118499756
Explosion040_x264,Explosion,test,0.2707228362560272,0.2611313760280609,0.009591460227966309
Explosion040_x264,Explosion,test,0.2775295674800873,0.2570546269416809,0.020474940538406372
Explosion040_x264,Explosion,test,0.27576592564582825,0.2551840841770172,0.020581841468811035
Explosion040_x264,Explosion,test,0.27751603722572327,0.25783970952033997,0.0196763277053833
Explosion040_x264,Explosion,test,0.2735445499420166,0.25826576352119446,0.015278786420822144
Explosion040_x264,Explosion,test,0.26715248823165894,0.2579249143600464,0.009227573871612549
Explosion040_x264,Explosion,test,0.27396488189697266,0.2572316825389862,0.01673319935798645
Explosion040_x264,Explosion,test,0.262364000082016,0.25864607095718384,0.0037179291248321533
Explosion040_x264,Explosion,test,0.25399506092071533,0.2590476870536804,-0.005052626132965088
Explosion040_x264,Explosion,test,0.2606329619884491,0.25663143396377563,0.004001528024673462
Explosion040_x264,Explosion,test,0.26041099429130554,0.25915828347206116,0.0012527108192443848
Explosion040_x264,Explosion,test,0.24953125417232513,0.2309422641992569,0.018588989973068237
Explosion040_x264,Explosion,test,0.24903015792369843,0.22697454690933228,0.02205561101436615
Explosion040_x264,Explosion,test,0.2482069432735443,0.2256125509738922,0.0225943922996521
Explosion040_x264,Explosion,test,0.25539475679397583,0.23202136158943176,0.023373395204544067
Explosion040_x264,Explosion,test,0.24714742600917816,0.22541210055351257,0.02173532545566559
Explosion040_x264,Explosion,test,0.2463495433330536,0.23814702033996582,0.008202522993087769
Explosion040_x264,Explosion,test,0.25260376930236816,0.24737848341464996,0.005225285887718201
Explosion040_x264,Explosion,test,0.2601834833621979,0.2545650005340576,0.005618482828140259
Explosion040_x264,Explosion,test,0.2569301128387451,0.2536477744579315,0.0032823383808135986
Explosion040_x264,Explosion,test,0.25749218463897705,0.25306230783462524,0.004429876804351807
Explosion040_x264,Explosion,test,0.2615699768066406,0.2539497911930084,0.007620185613632202
Explosion040_x264,Explosion,test,0.2755289375782013,0.257593035697937,0.017935901880264282
Explosion040_x264,Explosion,test,0.28010308742523193,0.25510913133621216,0.024993956089019775
Explosion040_x264,Explosion,test,0.2745598256587982,0.2573535144329071,0.017206311225891113
Explosion040_x264,Explosion,test,0.24541808664798737,0.22188623249530792,0.023531854152679443
Explosion018_x264,Explosion,test,0.2730002999305725,0.26082921028137207,0.01217108964920044
Explosion018_x264,Explosion,test,0.2687299847602844,0.25638091564178467,0.012349069118499756
Explosion018_x264,Explosion,test,0.2707228362560272,0.2611313760280609,0.009591460227966309
Explosion018_x264,Explosion,test,0.2775295674800873,0.2570546269416809,0.020474940538406372
Explosion018_x264,Explosion,test,0.27576592564582825,0.2551840841770172,0.020581841468811035
Explosion018_x264,Explosion,test,0.27751603722572327,0.25783970952033997,0.0196763277053833
Explosion018_x264,Explosion,test,0.2735445499420166,0.25826576352119446,0.015278786420822144
Explosion018_x264,Explosion,test,0.26715248823165894,0.2579249143600464,0.009227573871612549
Explosion018_x264,Explosion,test,0.27396488189697266,0.2572316825389862,0.01673319935798645
Explosion001_x264,Explosion,test,0.2730002999305725,0.26082921028137207,0.01217108964920044
Explosion001_x264,Explosion,test,0.2687299847602844,0.25638091564178467,0.012349069118499756
Explosion001_x264,Explosion,test,0.2707228362560272,0.2611313760280609,0.009591460227966309
Explosion001_x264,Explosion,test,0.2775295674800873,0.2570546269416809,0.020474940538406372
Fighting021_x264,Fighting,test,0.2730002999305725,0.26082921028137207,0.01217108964920044
Fighting021_x264,Fighting,test,0.2687299847602844,0.25638091564178467,0.012349069118499756
Fighting021_x264,Fighting,test,0.2707228362560272,0.2611313760280609,0.009591460227966309
Fighting021_x264,Fighting,test,0.2775295674800873,0.2570546269416809,0.020474940538406372
Fighting021_x264,Fighting,test,0.27576592564582825,0.2551840841770172,0.020581841468811035
Fighting021_x264,Fighting,test,0.27751603722572327,0.25783970952033997,0.0196763277053833
Fighting021_x264,Fighting,test,0.2735445499420166,0.25826576352119446,0.015278786420822144
Fighting021_x264,Fighting,test,0.26715248823165894,0.2579249143600464,0.009227573871612549
Fighting021_x264,Fighting,test,0.27396488189697266,0.2572316825389862,0.01673319935798645
Fighting021_x264,Fighting,test,0.262364000082016,0.25864607095718384,0.0037179291248321533
Fighting021_x264,Fighting,test,0.25399506092071533,0.2590476870536804,-0.005052626132965088
Fighting021_x264,Fighting,test,0.2606329619884491,0.25663143396377563,0.004001528024673462
Fighting021_x264,Fighting,test,0.26041099429130554,0.25915828347206116,0.0012527108192443848
Fighting021_x264,Fighting,test,0.24953125417232513,0.2309422641992569,0.018588989973068237
Fighting021_x264,Fighting,test,0.24903015792369843,0.22697454690933228,0.02205561101436615
Fighting021_x264,Fighting,test,0.2482069432735443,0.2256125509738922,0.0225943922996521
Fighting021_x264,Fighting,test,0.25539475679397583,0.23202136158943176,0.023373395204544067
Fighting021_x264,Fighting,test,0.24714742600917816,0.22541210055351257,0.02173532545566559
Fighting021_x264,Fighting,test,0.2463495433330536,0.23814702033996582,0.008202522993087769
Fighting021_x264,Fighting,test,0.25260376930236816,0.24737848341464996,0.005225285887718201
Fighting021_x264,Fighting,test,0.2601834833621979,0.2545650005340576,0.005618482828140259
Fighting021_x264,Fighting,test,0.2569301128387451,0.2536477744579315,0.0032823383808135986
Fighting012_x264,Fighting,test,0.2730002999305725,0.26082921028137207,0.01217108964920044
Fighting012_x264,Fighting,test,0.2687299847602844,0.25638091564178467,0.012349069118499756
Fighting012_x264,Fighting,test,0.2707228362560272,0.2611313760280609,0.009591460227966309
Fighting012_x264,Fighting,test,0.2775295674800873,0.2570546269416809,0.020474940538406372
Fighting012_x264,Fighting,test,0.27576592564582825,0.2551840841770172,0.020581841468811035
Fighting012_x264,Fighting,test,0.27751603722572327,0.25783970952033997,0.0196763277053833
Fighting012_x264,Fighting,test,0.2735445499420166,0.25826576352119446,0.015278786420822144
Fighting016_x264,Fighting,test,0.2730002999305725,0.26082921028137207,0.01217108964920044
Fighting016_x264,Fighting,test,0.2687299847602844,0.25638091564178467,0.012349069118499756
Fighting016_x264,Fighting,test,0.2707228362560272,0.2611313760280609,0.009591460227966309
Fighting016_x264,Fighting,test,0.2775295674800873,0.2570546269416809,0.020474940538406372
Fighting016_x264,Fighting,test,0.27576592564582825,0.2551840841770172,0.020581841468811035
Fighting016_x264,Fighting,test,0.27751603722572327,0.25783970952033997,0.0196763277053833
Fighting016_x264,Fighting,test,0.2735445499420166,0.25826576352119446,0.015278786420822144
Fighting016_x264,Fighting,test,0.26715248823165894,0.2579249143600464,0.009227573871612549
Fighting016_x264,Fighting,test,0.27396488189697266,0.2572316825389862,0.01673319935798645
Fighting016_x264,Fighting,test,0.262364000082016,0.25864607095718384,0.0037179291248321533
Fighting016_x264,Fighting,test,0.25399506092071533,0.2590476870536804,-0.005052626132965088
Fighting016_x264,Fighting,test,0.2606329619884491,0.25663143396377563,0.004001528024673462
Fighting016_x264,Fighting,test,0.26041099429130554,0.25915828347206116,0.0012527108192443848
Fighting016_x264,Fighting,test,0.24953125417232513,0.2309422641992569,0.018588989973068237
Fighting016_x264,Fighting,test,0.24903015792369843,0.22697454690933228,0.02205561101436615
Fighting016_x264,Fighting,test,0.2482069432735443,0.2256125509738922,0.0225943922996521
Fighting016_x264,Fighting,test,0.25539475679397583,0.23202136158943176,0.023373395204544067
Fighting016_x264,Fighting,test,0.24714742600917816,0.22541210055351257,0.02173532545566559
Normal_Videos695_x264,NormalVideos,test,0.2730002999305725,0.26082921028137207,0.01217108964920044
Normal_Videos695_x264,NormalVideos,test,0.2687299847602844,0.25638091564178467,0.012349069118499756
Normal_Videos695_x264,NormalVideos,test,0.2707228362560272,0.2611313760280609,0.009591460227966309
Normal_Videos695_x264,NormalVideos,test,0.2775295674800873,0.2570546269416809,0.020474940538406372
Normal_Videos695_x264,NormalVideos,test,0.27576592564582825,0.2551840841770172,0.020581841468811035
Normal_Videos695_x264,NormalVideos,test,0.27751603722572327,0.25783970952033997,0.0196763277053833
Normal_Videos695_x264,NormalVideos,test,0.2735445499420166,0.25826576352119446,0.015278786420822144
Normal_Videos695_x264,NormalVideos,test,0.26715248823165894,0.2579249143600464,0.009227573871612549
Normal_Videos695_x264,NormalVideos,test,0.27396488189697266,0.2572316825389862,0.01673319935798645
Normal_Videos695_x264,NormalVideos,test,0.262364000082016,0.25864607095718384,0.0037179291248321533
Normal_Videos695_x264,NormalVideos,test,0.25399506092071533,0.2590476870536804,-0.005052626132965088
Normal_Videos695_x264,NormalVideos,test,0.2606329619884491,0.25663143396377563,0.004001528024673462
Normal_Videos695_x264,NormalVideos,test,0.26041099429130554,0.25915828347206116,0.0012527108192443848
Normal_Videos695_x264,NormalVideos,test,0.24953125417232513,0.2309422641992569,0.018588989973068237
Normal_Videos695_x264,NormalVideos,test,0.24903015792369843,0.22697454690933228,0.02205561101436615
Normal_Videos695_x264,NormalVideos,test,0.2482069432735443,0.2256125509738922,0.0225943922996521
Normal_Videos695_x264,NormalVideos,test,0.25539475679397583,0.23202136158943176,0.023373395204544067
Normal_Videos695_x264,NormalVideos,test,0.24714742600917816,0.22541210055351257,0.02173532545566559
Normal_Videos695_x264,NormalVideos,test,0.2463495433330536,0.23814702033996582,0.008202522993087769
Normal_Videos695_x264,NormalVideos,test,0.25260376930236816,0.24737848341464996,0.005225285887718201
Normal_Videos695_x264,NormalVideos,test,0.2601834833621979,0.2545650005340576,0.005618482828140259
Normal_Videos695_x264,NormalVideos,test,0.2569301128387451,0.2536477744579315,0.0032823383808135986
Normal_Videos695_x264,NormalVideos,test,0.25749218463897705,0.25306230783462524,0.004429876804351807
Normal_Videos695_x264,NormalVideos,test,0.2615699768066406,0.2539497911930084,0.007620185613632202
Normal_Videos695_x264,NormalVideos,test,0.2755289375782013,0.257593035697937,0.017935901880264282
Normal_Videos695_x264,NormalVideos,test,0.28010308742523193,0.25510913133621216,0.024993956089019775
Normal_Videos695_x264,NormalVideos,test,0.2745598256587982,0.2573535144329071,0.017206311225891113
Normal_Videos695_x264,NormalVideos,test,0.24541808664798737,0.22188623249530792,0.023531854152679443
Normal_Videos695_x264,NormalVideos,test,0.24985787272453308,0.22813203930854797,0.021725833415985107
Normal_Videos695_x264,NormalVideos,test,0.24378113448619843,0.22012744843959808,0.023653686046600342
Normal_Videos695_x264,NormalVideos,test,0.2405754178762436,0.21717569231987,0.023399725556373596
Normal_Videos695_x264,NormalVideos,test,0.24541103839874268,0.22302870452404022,0.022382333874702454
Normal_Videos695_x264,NormalVideos,test,0.2519276440143585,0.22696299850940704,0.024964645504951477
Normal_Videos695_x264,NormalVideos,test,0.24980294704437256,0.22745205461978912,0.022350892424583435
Normal_Videos695_x264,NormalVideos,test,0.2389291673898697,0.21677687764167786,0.022152289748191833
Normal_Videos695_x264,NormalVideos,test,0.23851032555103302,0.21727590262889862,0.0212344229221344
Normal_Videos695_x264,NormalVideos,test,0.24582578241825104,0.2245960235595703,0.021229758858680725
Normal_Videos695_x264,NormalVideos,test,0.24664214253425598,0.2201315015554428,0.02651064097881317
Normal_Videos695_x264,NormalVideos,test,0.24051319062709808,0.21480253338813782,0.025710657238960266
Normal_Videos695_x264,NormalVideos,test,0.24880041182041168,0.2264307737350464,0.022369638085365295
Normal_Videos419_x264,NormalVideos,test,0.2730002999305725,0.26082921028137207,0.01217108964920044
Normal_Videos419_x264,NormalVideos,test,0.2687299847602844,0.25638091564178467,0.012349069118499756
Normal_Videos419_x264,NormalVideos,test,0.2707228362560272,0.2611313760280609,0.009591460227966309
Normal_Videos419_x264,NormalVideos,test,0.2775295674800873,0.2570546269416809,0.020474940538406372
Normal_Videos419_x264,NormalVideos,test,0.27576592564582825,0.2551840841770172,0.020581841468811035
Normal_Videos419_x264,NormalVideos,test,0.27751603722572327,0.25783970952033997,0.0196763277053833
Normal_Videos419_x264,NormalVideos,test,0.2735445499420166,0.25826576352119446,0.015278786420822144
Normal_Videos651_x264,NormalVideos,test,0.2730002999305725,0.26082921028137207,0.01217108964920044
Normal_Videos651_x264,NormalVideos,test,0.2687299847602844,0.25638091564178467,0.012349069118499756
Normal_Videos651_x264,NormalVideos,test,0.2707228362560272,0.2611313760280609,0.009591460227966309
Normal_Videos651_x264,NormalVideos,test,0.2775295674800873,0.2570546269416809,0.020474940538406372
Normal_Videos651_x264,NormalVideos,test,0.27576592564582825,0.2551840841770172,0.020581841468811035
Normal_Videos651_x264,NormalVideos,test,0.27751603722572327,0.25783970952033997,0.0196763277053833
Normal_Videos651_x264,NormalVideos,test,0.2735445499420166,0.25826576352119446,0.015278786420822144
Normal_Videos231_x264,NormalVideos,test,0.2730002999305725,0.26082921028137207,0.01217108964920044
Normal_Videos231_x264,NormalVideos,test,0.2687299847602844,0.25638091564178467,0.012349069118499756
Normal_Videos231_x264,NormalVideos,test,0.2707228362560272,0.2611313760280609,0.009591460227966309
Normal_Videos231_x264,NormalVideos,test,0.2775295674800873,0.2570546269416809,0.020474940538406372
Normal_Videos231_x264,NormalVideos,test,0.27576592564582825,0.2551840841770172,0.020581841468811035
Normal_Videos231_x264,NormalVideos,test,0.27751603722572327,0.25783970952033997,0.0196763277053833
Normal_Videos231_x264,NormalVideos,test,0.2735445499420166,0.25826576352119446,0.015278786420822144
Normal_Videos231_x264,NormalVideos,test,0.26715248823165894,0.2579249143600464,0.009227573871612549
Normal_Videos231_x264,NormalVideos,test,0.27396488189697266,0.2572316825389862,0.01673319935798645
Normal_Videos231_x264,NormalVideos,test,0.262364000082016,0.25864607095718384,0.0037179291248321533
Normal_Videos231_x264,NormalVideos,test,0.25399506092071533,0.2590476870536804,-0.005052626132965088
Normal_Videos231_x264,NormalVideos,test,0.2606329619884491,0.25663143396377563,0.004001528024673462
Normal_Videos231_x264,NormalVideos,test,0.26041099429130554,0.25915828347206116,0.0012527108192443848
Normal_Videos231_x264,NormalVideos,test,0.24953125417232513,0.2309422641992569,0.018588989973068237
Normal_Videos231_x264,NormalVideos,test,0.24903015792369843,0.22697454690933228,0.02205561101436615
Normal_Videos231_x264,NormalVideos,test,0.2482069432735443,0.2256125509738922,0.0225943922996521
Normal_Videos231_x264,NormalVideos,test,0.25539475679397583,0.23202136158943176,0.023373395204544067
Normal_Videos231_x264,NormalVideos,test,0.24714742600917816,0.22541210055351257,0.02173532545566559
Normal_Videos231_x264,NormalVideos,test,0.2463495433330536,0.23814702033996582,0.008202522993087769
Normal_Videos231_x264,NormalVideos,test,0.25260376930236816,0.24737848341464996,0.005225285887718201
Normal_Videos231_x264,NormalVideos,test,0.2601834833621979,0.2545650005340576,0.005618482828140259
Normal_Videos231_x264,NormalVideos,test,0.2569301128387451,0.2536477744579315,0.0032823383808135986
Normal_Videos231_x264,NormalVideos,test,0.25749218463897705,0.25306230783462524,0.004429876804351807
Normal_Videos231_x264,NormalVideos,test,0.2615699768066406,0.2539497911930084,0.007620185613632202
Normal_Videos231_x264,NormalVideos,test,0.2755289375782013,0.257593035697937,0.017935901880264282
Normal_Videos231_x264,NormalVideos,test,0.28010308742523193,0.25510913133621216,0.024993956089019775
Normal_Videos231_x264,NormalVideos,test,0.2745598256587982,0.2573535144329071,0.017206311225891113
Normal_Videos231_x264,NormalVideos,test,0.24541808664798737,0.22188623249530792,0.023531854152679443
Normal_Videos231_x264,NormalVideos,test,0.24985787272453308,0.22813203930854797,0.021725833415985107
Normal_Videos231_x264,NormalVideos,test,0.24378113448619843,0.22012744843959808,0.023653686046600342
Normal_Videos231_x264,NormalVideos,test,0.2405754178762436,0.21717569231987,0.023399725556373596
Normal_Videos231_x264,NormalVideos,test,0.24541103839874268,0.22302870452404022,0.022382333874702454
Normal_Videos231_x264,NormalVideos,test,0.2519276440143585,0.22696299850940704,0.024964645504951477
Normal_Videos231_x264,NormalVideos,test,0.24980294704437256,0.22745205461978912,0.022350892424583435
Normal_Videos231_x264,NormalVideos,test,0.2389291673898697,0.21677687764167786,0.022152289748191833
Normal_Videos231_x264,NormalVideos,test,0.23851032555103302,0.21727590262889862,0.0212344229221344
Normal_Videos231_x264,NormalVideos,test,0.24582578241825104,0.2245960235595703,0.021229758858680725
Normal_Videos231_x264,NormalVideos,test,0.24664214253425598,0.2201315015554428,0.02651064097881317
Normal_Videos231_x264,NormalVideos,test,0.24051319062709808,0.21480253338813782,0.025710657238960266
Normal_Videos231_x264,NormalVideos,test,0.24880041182041168,0.2264307737350464,0.022369638085365295
Normal_Videos231_x264,NormalVideos,test,0.24136415123939514,0.22284828126430511,0.018515869975090027
Normal_Videos231_x264,NormalVideos,test,0.23987537622451782,0.2204902172088623,0.019385159015655518
Normal_Videos231_x264,NormalVideos,test,0.2409031242132187,0.21955659985542297,0.021346524357795715
Normal_Videos231_x264,NormalVideos,test,0.2419142872095108,0.22151628136634827,0.020398005843162537
Normal_Videos231_x264,NormalVideos,test,0.24571485817432404,0.2240714430809021,0.021643415093421936
Normal_Videos231_x264,NormalVideos,test,0.24672716856002808,0.23090368509292603,0.01582348346710205
Normal_Videos231_x264,NormalVideos,test,0.2503783404827118,0.23254500329494476,0.01783333718776703
Normal_Videos231_x264,NormalVideos,test,0.2567417621612549,0.22670254111289978,0.030039221048355103
Normal_Videos231_x264,NormalVideos,test,0.2520275115966797,0.2281010001897812,0.0239265114068985
Normal_Videos231_x264,NormalVideos,test,0.25094282627105713,0.22740009427070618,0.023542732000350952
Normal_Videos797_x264,NormalVideos,test,0.2730002999305725,0.26082921028137207,0.01217108964920044
Normal_Videos797_x264,NormalVideos,test,0.2687299847602844,0.25638091564178467,0.012349069118499756
Normal_Videos797_x264,NormalVideos,test,0.2707228362560272,0.2611313760280609,0.009591460227966309
Normal_Videos797_x264,NormalVideos,test,0.2775295674800873,0.2570546269416809,0.020474940538406372
Normal_Videos797_x264,NormalVideos,test,0.27576592564582825,0.2551840841770172,0.020581841468811035
Normal_Videos797_x264,NormalVideos,test,0.27751603722572327,0.25783970952033997,0.0196763277053833
Normal_Videos797_x264,NormalVideos,test,0.2735445499420166,0.25826576352119446,0.015278786420822144
Normal_Videos797_x264,NormalVideos,test,0.26715248823165894,0.2579249143600464,0.009227573871612549
Normal_Videos797_x264,NormalVideos,test,0.27396488189697266,0.2572316825389862,0.01673319935798645
Normal_Videos797_x264,NormalVideos,test,0.262364000082016,0.25864607095718384,0.0037179291248321533
Normal_Videos797_x264,NormalVideos,test,0.25399506092071533,0.2590476870536804,-0.005052626132965088
Normal_Videos797_x264,NormalVideos,test,0.2606329619884491,0.25663143396377563,0.004001528024673462
Normal_Videos797_x264,NormalVideos,test,0.26041099429130554,0.25915828347206116,0.0012527108192443848
Normal_Videos797_x264,NormalVideos,test,0.24953125417232513,0.2309422641992569,0.018588989973068237
Normal_Videos797_x264,NormalVideos,test,0.24903015792369843,0.22697454690933228,0.02205561101436615
Normal_Videos797_x264,NormalVideos,test,0.2482069432735443,0.2256125509738922,0.0225943922996521
Normal_Videos797_x264,NormalVideos,test,0.25539475679397583,0.23202136158943176,0.023373395204544067
Normal_Videos094_x264,NormalVideos,test,0.2730002999305725,0.26082921028137207,0.01217108964920044
Normal_Videos094_x264,NormalVideos,test,0.2687299847602844,0.25638091564178467,0.012349069118499756
Normal_Videos094_x264,NormalVideos,test,0.2707228362560272,0.2611313760280609,0.009591460227966309
Normal_Videos094_x264,NormalVideos,test,0.2775295674800873,0.2570546269416809,0.020474940538406372
Normal_Videos094_x264,NormalVideos,test,0.27576592564582825,0.2551840841770172,0.020581841468811035
Normal_Videos094_x264,NormalVideos,test,0.27751603722572327,0.25783970952033997,0.0196763277053833
Normal_Videos094_x264,NormalVideos,test,0.2735445499420166,0.25826576352119446,0.015278786420822144
Normal_Videos094_x264,NormalVideos,test,0.26715248823165894,0.2579249143600464,0.009227573871612549
Normal_Videos094_x264,NormalVideos,test,0.27396488189697266,0.2572316825389862,0.01673319935798645
Normal_Videos094_x264,NormalVideos,test,0.262364000082016,0.25864607095718384,0.0037179291248321533
Normal_Videos068_x264,NormalVideos,test,0.2730002999305725,0.26082921028137207,0.01217108964920044
Normal_Videos068_x264,NormalVideos,test,0.2687299847602844,0.25638091564178467,0.012349069118499756
Normal_Videos068_x264,NormalVideos,test,0.2707228362560272,0.2611313760280609,0.009591460227966309
Normal_Videos068_x264,NormalVideos,test,0.2775295674800873,0.2570546269416809,0.020474940538406372
Normal_Videos068_x264,NormalVideos,test,0.27576592564582825,0.2551840841770172,0.020581841468811035
Normal_Videos068_x264,NormalVideos,test,0.27751603722572327,0.25783970952033997,0.0196763277053833
Normal_Videos068_x264,NormalVideos,test,0.2735445499420166,0.25826576352119446,0.015278786420822144
Normal_Videos068_x264,NormalVideos,test,0.26715248823165894,0.2579249143600464,0.009227573871612549
Normal_Videos068_x264,NormalVideos,test,0.27396488189697266,0.2572316825389862,0.01673319935798645
Normal_Videos068_x264,NormalVideos,test,0.262364000082016,0.25864607095718384,0.0037179291248321533
Normal_Videos068_x264,NormalVideos,test,0.25399506092071533,0.2590476870536804,-0.005052626132965088
Normal_Videos747_x264,NormalVideos,test,0.2730002999305725,0.26082921028137207,0.01217108964920044
Normal_Videos747_x264,NormalVideos,test,0.2687299847602844,0.25638091564178467,0.012349069118499756
Normal_Videos747_x264,NormalVideos,test,0.2707228362560272,0.2611313760280609,0.009591460227966309
Normal_Videos747_x264,NormalVideos,test,0.2775295674800873,0.2570546269416809,0.020474940538406372
Normal_Videos747_x264,NormalVideos,test,0.27576592564582825,0.2551840841770172,0.020581841468811035
Normal_Videos747_x264,NormalVideos,test,0.27751603722572327,0.25783970952033997,0.0196763277053833
Normal_Videos747_x264,NormalVideos,test,0.2735445499420166,0.25826576352119446,0.015278786420822144
Normal_Videos747_x264,NormalVideos,test,0.26715248823165894,0.2579249143600464,0.009227573871612549
Normal_Videos747_x264,NormalVideos,test,0.27396488189697266,0.2572316825389862,0.01673319935798645
Normal_Videos747_x264,NormalVideos,test,0.262364000082016,0.25864607095718384,0.0037179291248321533
Normal_Videos747_x264,NormalVideos,test,0.25399506092071533,0.2590476870536804,-0.005052626132965088
Normal_Videos272_x264,NormalVideos,test,0.2730002999305725,0.26082921028137207,0.01217108964920044
Normal_Videos272_x264,NormalVideos,test,0.2687299847602844,0.25638091564178467,0.012349069118499756
Normal_Videos272_x264,NormalVideos,test,0.2707228362560272,0.2611313760280609,0.009591460227966309
Normal_Videos272_x264,NormalVideos,test,0.2775295674800873,0.2570546269416809,0.020474940538406372
Normal_Videos272_x264,NormalVideos,test,0.27576592564582825,0.2551840841770172,0.020581841468811035
Normal_Videos272_x264,NormalVideos,test,0.27751603722572327,0.25783970952033997,0.0196763277053833
Normal_Videos272_x264,NormalVideos,test,0.2735445499420166,0.25826576352119446,0.015278786420822144
Normal_Videos272_x264,NormalVideos,test,0.26715248823165894,0.2579249143600464,0.009227573871612549
Normal_Videos272_x264,NormalVideos,test,0.27396488189697266,0.2572316825389862,0.01673319935798645
Normal_Videos272_x264,NormalVideos,test,0.262364000082016,0.25864607095718384,0.0037179291248321533
Normal_Videos272_x264,NormalVideos,test,0.25399506092071533,0.2590476870536804,-0.005052626132965088
Normal_Videos272_x264,NormalVideos,test,0.2606329619884491,0.25663143396377563,0.004001528024673462
Normal_Videos272_x264,NormalVideos,test,0.26041099429130554,0.25915828347206116,0.0012527108192443848
Normal_Videos272_x264,NormalVideos,test,0.24953125417232513,0.2309422641992569,0.018588989973068237
Normal_Videos272_x264,NormalVideos,test,0.24903015792369843,0.22697454690933228,0.02205561101436615
Normal_Videos272_x264,NormalVideos,test,0.2482069432735443,0.2256125509738922,0.0225943922996521
Normal_Videos272_x264,NormalVideos,test,0.25539475679397583,0.23202136158943176,0.023373395204544067
Normal_Videos272_x264,NormalVideos,test,0.24714742600917816,0.22541210055351257,0.02173532545566559
Normal_Videos921_x264,NormalVideos,test,0.2730002999305725,0.26082921028137207,0.01217108964920044
Normal_Videos921_x264,NormalVideos,test,0.2687299847602844,0.25638091564178467,0.012349069118499756
Normal_Videos921_x264,NormalVideos,test,0.2707228362560272,0.2611313760280609,0.009591460227966309
Normal_Videos921_x264,NormalVideos,test,0.2775295674800873,0.2570546269416809,0.020474940538406372
Normal_Videos921_x264,NormalVideos,test,0.27576592564582825,0.2551840841770172,0.020581841468811035
Normal_Videos921_x264,NormalVideos,test,0.27751603722572327,0.25783970952033997,0.0196763277053833
Normal_Videos921_x264,NormalVideos,test,0.2735445499420166,0.25826576352119446,0.015278786420822144
Normal_Videos921_x264,NormalVideos,test,0.26715248823165894,0.2579249143600464,0.009227573871612549
Normal_Videos921_x264,NormalVideos,test,0.27396488189697266,0.2572316825389862,0.01673319935798645
Normal_Videos921_x264,NormalVideos,test,0.262364000082016,0.25864607095718384,0.0037179291248321533
Normal_Videos339_x264,NormalVideos,test,0.2730002999305725,0.26082921028137207,0.01217108964920044
Normal_Videos339_x264,NormalVideos,test,0.2687299847602844,0.25638091564178467,0.012349069118499756
Normal_Videos339_x264,NormalVideos,test,0.2707228362560272,0.2611313760280609,0.009591460227966309
Normal_Videos339_x264,NormalVideos,test,0.2775295674800873,0.2570546269416809,0.020474940538406372
Normal_Videos339_x264,NormalVideos,test,0.27576592564582825,0.2551840841770172,0.020581841468811035
Normal_Videos339_x264,NormalVideos,test,0.27751603722572327,0.25783970952033997,0.0196763277053833
Normal_Videos339_x264,NormalVideos,test,0.2735445499420166,0.25826576352119446,0.015278786420822144
Normal_Videos339_x264,NormalVideos,test,0.26715248823165894,0.2579249143600464,0.009227573871612549
Normal_Videos339_x264,NormalVideos,test,0.27396488189697266,0.2572316825389862,0.01673319935798645
Normal_Videos339_x264,NormalVideos,test,0.262364000082016,0.25864607095718384,0.0037179291248321533
Normal_Videos339_x264,NormalVideos,test,0.25399506092071533,0.2590476870536804,-0.005052626132965088
Normal_Videos339_x264,NormalVideos,test,0.2606329619884491,0.25663143396377563,0.004001528024673462
Normal_Videos339_x264,NormalVideos,test,0.26041099429130554,0.25915828347206116,0.0012527108192443848
Normal_Videos339_x264,NormalVideos,test,0.24953125417232513,0.2309422641992569,0.018588989973068237
Normal_Videos339_x264,NormalVideos,test,0.24903015792369843,0.22697454690933228,0.02205561101436615
Normal_Videos339_x264,NormalVideos,test,0.2482069432735443,0.2256125509738922,0.0225943922996521
Normal_Videos339_x264,NormalVideos,test,0.25539475679397583,0.23202136158943176,0.023373395204544067
Normal_Videos339_x264,NormalVideos,test,0.24714742600917816,0.22541210055351257,0.02173532545566559
Normal_Videos339_x264,NormalVideos,test,0.2463495433330536,0.23814702033996582,0.008202522993087769
Normal_Videos339_x264,NormalVideos,test,0.25260376930236816,0.24737848341464996,0.005225285887718201
Normal_Videos339_x264,NormalVideos,test,0.2601834833621979,0.2545650005340576,0.005618482828140259
Normal_Videos339_x264,NormalVideos,test,0.2569301128387451,0.2536477744579315,0.0032823383808135986
Normal_Videos339_x264,NormalVideos,test,0.25749218463897705,0.25306230783462524,0.004429876804351807
Normal_Videos339_x264,NormalVideos,test,0.2615699768066406,0.2539497911930084,0.007620185613632202
Normal_Videos339_x264,NormalVideos,test,0.2755289375782013,0.257593035697937,0.017935901880264282
Normal_Videos339_x264,NormalVideos,test,0.28010308742523193,0.25510913133621216,0.024993956089019775
Normal_Videos339_x264,NormalVideos,test,0.2745598256587982,0.2573535144329071,0.017206311225891113
Normal_Videos339_x264,NormalVideos,test,0.24541808664798737,0.22188623249530792,0.023531854152679443
Normal_Videos339_x264,NormalVideos,test,0.24985787272453308,0.22813203930854797,0.021725833415985107
Normal_Videos339_x264,NormalVideos,test,0.24378113448619843,0.22012744843959808,0.023653686046600342
Normal_Videos339_x264,NormalVideos,test,0.2405754178762436,0.21717569231987,0.023399725556373596
Normal_Videos339_x264,NormalVideos,test,0.24541103839874268,0.22302870452404022,0.022382333874702454
Normal_Videos339_x264,NormalVideos,test,0.2519276440143585,0.22696299850940704,0.024964645504951477
Normal_Videos339_x264,NormalVideos,test,0.24980294704437256,0.22745205461978912,0.022350892424583435
Normal_Videos339_x264,NormalVideos,test,0.2389291673898697,0.21677687764167786,0.022152289748191833
Normal_Videos339_x264,NormalVideos,test,0.23851032555103302,0.21727590262889862,0.0212344229221344
Normal_Videos339_x264,NormalVideos,test,0.24582578241825104,0.2245960235595703,0.021229758858680725
Normal_Videos339_x264,NormalVideos,test,0.24664214253425598,0.2201315015554428,0.02651064097881317
Normal_Videos339_x264,NormalVideos,test,0.24051319062709808,0.21480253338813782,0.025710657238960266
Normal_Videos339_x264,NormalVideos,test,0.24880041182041168,0.2264307737350464,0.022369638085365295
Normal_Videos339_x264,NormalVideos,test,0.24136415123939514,0.22284828126430511,0.018515869975090027
Normal_Videos339_x264,NormalVideos,test,0.23987537622451782,0.2204902172088623,0.019385159015655518
Normal_Videos339_x264,NormalVideos,test,0.2409031242132187,0.21955659985542297,0.021346524357795715
Normal_Videos339_x264,NormalVideos,test,0.2419142872095108,0.22151628136634827,0.020398005843162537
Normal_Videos339_x264,NormalVideos,test,0.24571485817432404,0.2240714430809021,0.021643415093421936
Normal_Videos339_x264,NormalVideos,test,0.24672716856002808,0.23090368509292603,0.01582348346710205
Normal_Videos339_x264,NormalVideos,test,0.2503783404827118,0.23254500329494476,0.01783333718776703
Normal_Videos339_x264,NormalVideos,test,0.2567417621612549,0.22670254111289978,0.030039221048355103
Normal_Videos339_x264,NormalVideos,test,0.2520275115966797,0.2281010001897812,0.0239265114068985
Normal_Videos339_x264,NormalVideos,test,0.25094282627105713,0.22740009427070618,0.023542732000350952
Normal_Videos105_x264,NormalVideos,test,0.2730002999305725,0.26082921028137207,0.01217108964920044
Normal_Videos105_x264,NormalVideos,test,0.2687299847602844,0.25638091564178467,0.012349069118499756
Normal_Videos105_x264,NormalVideos,test,0.2707228362560272,0.2611313760280609,0.009591460227966309
Normal_Videos105_x264,NormalVideos,test,0.2775295674800873,0.2570546269416809,0.020474940538406372
Normal_Videos277_x264,NormalVideos,test,0.2730002999305725,0.26082921028137207,0.01217108964920044
Normal_Videos277_x264,NormalVideos,test,0.2687299847602844,0.25638091564178467,0.012349069118499756
Normal_Videos277_x264,NormalVideos,test,0.2707228362560272,0.2611313760280609,0.009591460227966309
Normal_Videos277_x264,NormalVideos,test,0.2775295674800873,0.2570546269416809,0.020474940538406372
Normal_Videos277_x264,NormalVideos,test,0.27576592564582825,0.2551840841770172,0.020581841468811035
Normal_Videos277_x264,NormalVideos,test,0.27751603722572327,0.25783970952033997,0.0196763277053833
Normal_Videos277_x264,NormalVideos,test,0.2735445499420166,0.25826576352119446,0.015278786420822144
Normal_Videos277_x264,NormalVideos,test,0.26715248823165894,0.2579249143600464,0.009227573871612549
Normal_Videos277_x264,NormalVideos,test,0.27396488189697266,0.2572316825389862,0.01673319935798645
Normal_Videos277_x264,NormalVideos,test,0.262364000082016,0.25864607095718384,0.0037179291248321533
Normal_Videos277_x264,NormalVideos,test,0.25399506092071533,0.2590476870536804,-0.005052626132965088
Normal_Videos277_x264,NormalVideos,test,0.2606329619884491,0.25663143396377563,0.004001528024673462
Normal_Videos277_x264,NormalVideos,test,0.26041099429130554,0.25915828347206116,0.0012527108192443848
Normal_Videos277_x264,NormalVideos,test,0.24953125417232513,0.2309422641992569,0.018588989973068237
Normal_Videos277_x264,NormalVideos,test,0.24903015792369843,0.22697454690933228,0.02205561101436615
Normal_Videos277_x264,NormalVideos,test,0.2482069432735443,0.2256125509738922,0.0225943922996521
Normal_Videos277_x264,NormalVideos,test,0.25539475679397583,0.23202136158943176,0.023373395204544067
Normal_Videos277_x264,NormalVideos,test,0.24714742600917816,0.22541210055351257,0.02173532545566559
Normal_Videos277_x264,NormalVideos,test,0.2463495433330536,0.23814702033996582,0.008202522993087769
Normal_Videos277_x264,NormalVideos,test,0.25260376930236816,0.24737848341464996,0.005225285887718201
Normal_Videos277_x264,NormalVideos,test,0.2601834833621979,0.2545650005340576,0.005618482828140259
Normal_Videos277_x264,NormalVideos,test,0.2569301128387451,0.2536477744579315,0.0032823383808135986
Normal_Videos277_x264,NormalVideos,test,0.25749218463897705,0.25306230783462524,0.004429876804351807
Normal_Videos277_x264,NormalVideos,test,0.2615699768066406,0.2539497911930084,0.007620185613632202
Normal_Videos277_x264,NormalVideos,test,0.2755289375782013,0.257593035697937,0.017935901880264282
Normal_Videos277_x264,NormalVideos,test,0.28010308742523193,0.25510913133621216,0.024993956089019775
Normal_Videos277_x264,NormalVideos,test,0.2745598256587982,0.2573535144329071,0.017206311225891113
Normal_Videos277_x264,NormalVideos,test,0.24541808664798737,0.22188623249530792,0.023531854152679443
Normal_Videos277_x264,NormalVideos,test,0.24985787272453308,0.22813203930854797,0.021725833415985107
Normal_Videos277_x264,NormalVideos,test,0.24378113448619843,0.22012744843959808,0.023653686046600342
Normal_Videos277_x264,NormalVideos,test,0.2405754178762436,0.21717569231987,0.023399725556373596
Normal_Videos277_x264,NormalVideos,test,0.24541103839874268,0.22302870452404022,0.022382333874702454
Normal_Videos277_x264,NormalVideos,test,0.2519276440143585,0.22696299850940704,0.024964645504951477
Normal_Videos277_x264,NormalVideos,test,0.24980294704437256,0.22745205461978912,0.022350892424583435
Normal_Videos277_x264,NormalVideos,test,0.2389291673898697,0.21677687764167786,0.022152289748191833
Normal_Videos277_x264,NormalVideos,test,0.23851032555103302,0.21727590262889862,0.0212344229221344
Normal_Videos277_x264,NormalVideos,test,0.24582578241825104,0.2245960235595703,0.021229758858680725
Normal_Videos277_x264,NormalVideos,test,0.24664214253425598,0.2201315015554428,0.02651064097881317
Normal_Videos277_x264,NormalVideos,test,0.24051319062709808,0.21480253338813782,0.025710657238960266
Normal_Videos277_x264,NormalVideos,test,0.24880041182041168,0.2264307737350464,0.022369638085365295
Normal_Videos277_x264,NormalVideos,test,0.24136415123939514,0.22284828126430511,0.018515869975090027
Normal_Videos277_x264,NormalVideos,test,0.23987537622451782,0.2204902172088623,0.019385159015655518
Normal_Videos277_x264,NormalVideos,test,0.2409031242132187,0.21955659985542297,0.021346524357795715
Normal_Videos277_x264,NormalVideos,test,0.2419142872095108,0.22151628136634827,0.020398005843162537
Normal_Videos277_x264,NormalVideos,test,0.24571485817432404,0.2240714430809021,0.021643415093421936
Normal_Videos277_x264,NormalVideos,test,0.24672716856002808,0.23090368509292603,0.01582348346710205
Normal_Videos277_x264,NormalVideos,test,0.2503783404827118,0.23254500329494476,0.01783333718776703
Normal_Videos277_x264,NormalVideos,test,0.2567417621612549,0.22670254111289978,0.030039221048355103
Normal_Videos277_x264,NormalVideos,test,0.2520275115966797,0.2281010001897812,0.0239265114068985
Normal_Videos277_x264,NormalVideos,test,0.25094282627105713,0.22740009427070618,0.023542732000350952
Normal_Videos127_x264,NormalVideos,test,0.2730002999305725,0.26082921028137207,0.01217108964920044
Normal_Videos127_x264,NormalVideos,test,0.2687299847602844,0.25638091564178467,0.012349069118499756
Normal_Videos127_x264,NormalVideos,test,0.2707228362560272,0.2611313760280609,0.009591460227966309
Normal_Videos127_x264,NormalVideos,test,0.2775295674800873,0.2570546269416809,0.020474940538406372
Normal_Videos127_x264,NormalVideos,test,0.27576592564582825,0.2551840841770172,0.020581841468811035
Normal_Videos127_x264,NormalVideos,test,0.27751603722572327,0.25783970952033997,0.0196763277053833
Normal_Videos127_x264,NormalVideos,test,0.2735445499420166,0.25826576352119446,0.015278786420822144
Normal_Videos127_x264,NormalVideos,test,0.26715248823165894,0.2579249143600464,0.009227573871612549
Normal_Videos127_x264,NormalVideos,test,0.27396488189697266,0.2572316825389862,0.01673319935798645
Normal_Videos127_x264,NormalVideos,test,0.262364000082016,0.25864607095718384,0.0037179291248321533
Normal_Videos127_x264,NormalVideos,test,0.25399506092071533,0.2590476870536804,-0.005052626132965088
Normal_Videos327_x264,NormalVideos,test,0.2730002999305725,0.26082921028137207,0.01217108964920044
Normal_Videos327_x264,NormalVideos,test,0.2687299847602844,0.25638091564178467,0.012349069118499756
Normal_Videos327_x264,NormalVideos,test,0.2707228362560272,0.2611313760280609,0.009591460227966309
Normal_Videos327_x264,NormalVideos,test,0.2775295674800873,0.2570546269416809,0.020474940538406372
Normal_Videos327_x264,NormalVideos,test,0.27576592564582825,0.2551840841770172,0.020581841468811035
Normal_Videos327_x264,NormalVideos,test,0.27751603722572327,0.25783970952033997,0.0196763277053833
Normal_Videos327_x264,NormalVideos,test,0.2735445499420166,0.25826576352119446,0.015278786420822144
Normal_Videos327_x264,NormalVideos,test,0.26715248823165894,0.2579249143600464,0.009227573871612549
Normal_Videos327_x264,NormalVideos,test,0.27396488189697266,0.2572316825389862,0.01673319935798645
Normal_Videos327_x264,NormalVideos,test,0.262364000082016,0.25864607095718384,0.0037179291248321533
Normal_Videos517_x264,NormalVideos,test,0.2730002999305725,0.26082921028137207,0.01217108964920044
Normal_Videos517_x264,NormalVideos,test,0.2687299847602844,0.25638091564178467,0.012349069118499756
Normal_Videos517_x264,NormalVideos,test,0.2707228362560272,0.2611313760280609,0.009591460227966309
Normal_Videos517_x264,NormalVideos,test,0.2775295674800873,0.2570546269416809,0.020474940538406372
Normal_Videos517_x264,NormalVideos,test,0.27576592564582825,0.2551840841770172,0.020581841468811035
Normal_Videos517_x264,NormalVideos,test,0.27751603722572327,0.25783970952033997,0.0196763277053833
Normal_Videos517_x264,NormalVideos,test,0.2735445499420166,0.25826576352119446,0.015278786420822144
Normal_Videos517_x264,NormalVideos,test,0.26715248823165894,0.2579249143600464,0.009227573871612549
Normal_Videos517_x264,NormalVideos,test,0.27396488189697266,0.2572316825389862,0.01673319935798645
Normal_Videos517_x264,NormalVideos,test,0.262364000082016,0.25864607095718384,0.0037179291248321533
Normal_Videos517_x264,NormalVideos,test,0.25399506092071533,0.2590476870536804,-0.005052626132965088
Normal_Videos517_x264,NormalVideos,test,0.2606329619884491,0.25663143396377563,0.004001528024673462
Normal_Videos517_x264,NormalVideos,test,0.26041099429130554,0.25915828347206116,0.0012527108192443848
Normal_Videos517_x264,NormalVideos,test,0.24953125417232513,0.2309422641992569,0.018588989973068237
Normal_Videos517_x264,NormalVideos,test,0.24903015792369843,0.22697454690933228,0.02205561101436615
Normal_Videos517_x264,NormalVideos,test,0.2482069432735443,0.2256125509738922,0.0225943922996521
Normal_Videos517_x264,NormalVideos,test,0.25539475679397583,0.23202136158943176,0.023373395204544067
Normal_Videos517_x264,NormalVideos,test,0.24714742600917816,0.22541210055351257,0.02173532545566559
Normal_Videos517_x264,NormalVideos,test,0.2463495433330536,0.23814702033996582,0.008202522993087769
Normal_Videos517_x264,NormalVideos,test,0.25260376930236816,0.24737848341464996,0.005225285887718201
Normal_Videos517_x264,NormalVideos,test,0.2601834833621979,0.2545650005340576,0.005618482828140259
Normal_Videos517_x264,NormalVideos,test,0.2569301128387451,0.2536477744579315,0.0032823383808135986
Normal_Videos517_x264,NormalVideos,test,0.25749218463897705,0.25306230783462524,0.004429876804351807
Normal_Videos517_x264,NormalVideos,test,0.2615699768066406,0.2539497911930084,0.007620185613632202
Normal_Videos517_x264,NormalVideos,test,0.2755289375782013,0.257593035697937,0.017935901880264282
Normal_Videos517_x264,NormalVideos,test,0.28010308742523193,0.25510913133621216,0.024993956089019775
Normal_Videos517_x264,NormalVideos,test,0.2745598256587982,0.2573535144329071,0.017206311225891113
Normal_Videos517_x264,NormalVideos,test,0.24541808664798737,0.22188623249530792,0.023531854152679443
Normal_Videos716_x264,NormalVideos,test,0.2730002999305725,0.26082921028137207,0.01217108964920044
Normal_Videos716_x264,NormalVideos,test,0.2687299847602844,0.25638091564178467,0.012349069118499756
Normal_Videos716_x264,NormalVideos,test,0.2707228362560272,0.2611313760280609,0.009591460227966309
Normal_Videos716_x264,NormalVideos,test,0.2775295674800873,0.2570546269416809,0.020474940538406372
Normal_Videos716_x264,NormalVideos,test,0.27576592564582825,0.2551840841770172,0.020581841468811035
Normal_Videos716_x264,NormalVideos,test,0.27751603722572327,0.25783970952033997,0.0196763277053833
Normal_Videos716_x264,NormalVideos,test,0.2735445499420166,0.25826576352119446,0.015278786420822144
Normal_Videos716_x264,NormalVideos,test,0.26715248823165894,0.2579249143600464,0.009227573871612549
Normal_Videos716_x264,NormalVideos,test,0.27396488189697266,0.2572316825389862,0.01673319935798645
Normal_Videos716_x264,NormalVideos,test,0.262364000082016,0.25864607095718384,0.0037179291248321533
Normal_Videos716_x264,NormalVideos,test,0.25399506092071533,0.2590476870536804,-0.005052626132965088
Normal_Videos716_x264,NormalVideos,test,0.2606329619884491,0.25663143396377563,0.004001528024673462
Normal_Videos716_x264,NormalVideos,test,0.26041099429130554,0.25915828347206116,0.0012527108192443848
Normal_Videos716_x264,NormalVideos,test,0.24953125417232513,0.2309422641992569,0.018588989973068237
Normal_Videos716_x264,NormalVideos,test,0.24903015792369843,0.22697454690933228,0.02205561101436615
Normal_Videos716_x264,NormalVideos,test,0.2482069432735443,0.2256125509738922,0.0225943922996521
Normal_Videos716_x264,NormalVideos,test,0.25539475679397583,0.23202136158943176,0.023373395204544067
Normal_Videos716_x264,NormalVideos,test,0.24714742600917816,0.22541210055351257,0.02173532545566559
Normal_Videos716_x264,NormalVideos,test,0.2463495433330536,0.23814702033996582,0.008202522993087769
Normal_Videos716_x264,NormalVideos,test,0.25260376930236816,0.24737848341464996,0.005225285887718201
Normal_Videos716_x264,NormalVideos,test,0.2601834833621979,0.2545650005340576,0.005618482828140259
Normal_Videos716_x264,NormalVideos,test,0.2569301128387451,0.2536477744579315,0.0032823383808135986
Normal_Videos716_x264,NormalVideos,test,0.25749218463897705,0.25306230783462524,0.004429876804351807
Normal_Videos716_x264,NormalVideos,test,0.2615699768066406,0.2539497911930084,0.007620185613632202
Normal_Videos716_x264,NormalVideos,test,0.2755289375782013,0.257593035697937,0.017935901880264282
Normal_Videos716_x264,NormalVideos,test,0.28010308742523193,0.25510913133621216,0.024993956089019775
Normal_Videos716_x264,NormalVideos,test,0.2745598256587982,0.2573535144329071,0.017206311225891113
Normal_Videos716_x264,NormalVideos,test,0.24541808664798737,0.22188623249530792,0.023531854152679443
Normal_Videos716_x264,NormalVideos,test,0.24985787272453308,0.22813203930854797,0.021725833415985107
Normal_Videos716_x264,NormalVideos,test,0.24378113448619843,0.22012744843959808,0.023653686046600342
Normal_Videos716_x264,NormalVideos,test,0.2405754178762436,0.21717569231987,0.023399725556373596
Normal_Videos716_x264,NormalVideos,test,0.24541103839874268,0.22302870452404022,0.022382333874702454
Normal_Videos716_x264,NormalVideos,test,0.2519276440143585,0.22696299850940704,0.024964645504951477
Normal_Videos716_x264,NormalVideos,test,0.24980294704437256,0.22745205461978912,0.022350892424583435
Normal_Videos716_x264,NormalVideos,test,0.2389291673898697,0.21677687764167786,0.022152289748191833
Normal_Videos716_x264,NormalVideos,test,0.23851032555103302,0.21727590262889862,0.0212344229221344
Normal_Videos716_x264,NormalVideos,test,0.24582578241825104,0.2245960235595703,0.021229758858680725
Normal_Videos716_x264,NormalVideos,test,0.24664214253425598,0.2201315015554428,0.02651064097881317
Normal_Videos716_x264,NormalVideos,test,0.24051319062709808,0.21480253338813782,0.025710657238960266
Normal_Videos716_x264,NormalVideos,test,0.24880041182041168,0.2264307737350464,0.022369638085365295
Normal_Videos716_x264,NormalVideos,test,0.24136415123939514,0.22284828126430511,0.018515869975090027
Normal_Videos716_x264,NormalVideos,test,0.23987537622451782,0.2204902172088623,0.019385159015655518
Normal_Videos716_x264,NormalVideos,test,0.2409031242132187,0.21955659985542297,0.021346524357795715
Normal_Videos716_x264,NormalVideos,test,0.2419142872095108,0.22151628136634827,0.020398005843162537
Normal_Videos716_x264,NormalVideos,test,0.24571485817432404,0.2240714430809021,0.021643415093421936
Normal_Videos716_x264,NormalVideos,test,0.24672716856002808,0.23090368509292603,0.01582348346710205
Normal_Videos716_x264,NormalVideos,test,0.2503783404827118,0.23254500329494476,0.01783333718776703
Normal_Videos716_x264,NormalVideos,test,0.2567417621612549,0.22670254111289978,0.030039221048355103
Normal_Videos716_x264,NormalVideos,test,0.2520275115966797,0.2281010001897812,0.0239265114068985
Normal_Videos716_x264,NormalVideos,test,0.25094282627105713,0.22740009427070618,0.023542732000350952
Normal_Videos422_x264,NormalVideos,test,0.2730002999305725,0.26082921028137207,0.01217108964920044
Normal_Videos422_x264,NormalVideos,test,0.2687299847602844,0.25638091564178467,0.012349069118499756
Normal_Videos422_x264,NormalVideos,test,0.2707228362560272,0.2611313760280609,0.009591460227966309
Normal_Videos422_x264,NormalVideos,test,0.2775295674800873,0.2570546269416809,0.020474940538406372
Normal_Videos422_x264,NormalVideos,test,0.27576592564582825,0.2551840841770172,0.020581841468811035
Normal_Videos422_x264,NormalVideos,test,0.27751603722572327,0.25783970952033997,0.0196763277053833
Normal_Videos422_x264,NormalVideos,test,0.2735445499420166,0.25826576352119446,0.015278786420822144
Normal_Videos422_x264,NormalVideos,test,0.26715248823165894,0.2579249143600464,0.009227573871612549
Normal_Videos422_x264,NormalVideos,test,0.27396488189697266,0.2572316825389862,0.01673319935798645
Normal_Videos422_x264,NormalVideos,test,0.262364000082016,0.25864607095718384,0.0037179291248321533
Normal_Videos197_x264,NormalVideos,test,0.2730002999305725,0.26082921028137207,0.01217108964920044
Normal_Videos197_x264,NormalVideos,test,0.2687299847602844,0.25638091564178467,0.012349069118499756
Normal_Videos197_x264,NormalVideos,test,0.2707228362560272,0.2611313760280609,0.009591460227966309
Normal_Videos197_x264,NormalVideos,test,0.2775295674800873,0.2570546269416809,0.020474940538406372
Normal_Videos197_x264,NormalVideos,test,0.27576592564582825,0.2551840841770172,0.020581841468811035
Normal_Videos197_x264,NormalVideos,test,0.27751603722572327,0.25783970952033997,0.0196763277053833
Normal_Videos197_x264,NormalVideos,test,0.2735445499420166,0.25826576352119446,0.015278786420822144
Normal_Videos197_x264,NormalVideos,test,0.26715248823165894,0.2579249143600464,0.009227573871612549
Normal_Videos197_x264,NormalVideos,test,0.27396488189697266,0.2572316825389862,0.01673319935798645
Normal_Videos197_x264,NormalVideos,test,0.262364000082016,0.25864607095718384,0.0037179291248321533
Normal_Videos197_x264,NormalVideos,test,0.25399506092071533,0.2590476870536804,-0.005052626132965088
Normal_Videos197_x264,NormalVideos,test,0.2606329619884491,0.25663143396377563,0.004001528024673462
Normal_Videos197_x264,NormalVideos,test,0.26041099429130554,0.25915828347206116,0.0012527108192443848
Normal_Videos197_x264,NormalVideos,test,0.24953125417232513,0.2309422641992569,0.018588989973068237
Normal_Videos197_x264,NormalVideos,test,0.24903015792369843,0.22697454690933228,0.02205561101436615
Normal_Videos428_x264,NormalVideos,test,0.2730002999305725,0.26082921028137207,0.01217108964920044
Normal_Videos428_x264,NormalVideos,test,0.2687299847602844,0.25638091564178467,0.012349069118499756
Normal_Videos428_x264,NormalVideos,test,0.2707228362560272,0.2611313760280609,0.009591460227966309
Normal_Videos428_x264,NormalVideos,test,0.2775295674800873,0.2570546269416809,0.020474940538406372
Normal_Videos428_x264,NormalVideos,test,0.27576592564582825,0.2551840841770172,0.020581841468811035
RoadAccidents049_x264,RoadAccidents,test,0.2730002999305725,0.26082921028137207,0.01217108964920044
RoadAccidents049_x264,RoadAccidents,test,0.2687299847602844,0.25638091564178467,0.012349069118499756
RoadAccidents049_x264,RoadAccidents,test,0.2707228362560272,0.2611313760280609,0.009591460227966309
RoadAccidents049_x264,RoadAccidents,test,0.2775295674800873,0.2570546269416809,0.020474940538406372
RoadAccidents104_x264,RoadAccidents,test,0.2730002999305725,0.26082921028137207,0.01217108964920044
RoadAccidents104_x264,RoadAccidents,test,0.2687299847602844,0.25638091564178467,0.012349069118499756
RoadAccidents104_x264,RoadAccidents,test,0.2707228362560272,0.2611313760280609,0.009591460227966309
RoadAccidents104_x264,RoadAccidents,test,0.2775295674800873,0.2570546269416809,0.020474940538406372
RoadAccidents104_x264,RoadAccidents,test,0.27576592564582825,0.2551840841770172,0.020581841468811035
RoadAccidents104_x264,RoadAccidents,test,0.27751603722572327,0.25783970952033997,0.0196763277053833
RoadAccidents104_x264,RoadAccidents,test,0.2735445499420166,0.25826576352119446,0.015278786420822144
RoadAccidents104_x264,RoadAccidents,test,0.26715248823165894,0.2579249143600464,0.009227573871612549
RoadAccidents104_x264,RoadAccidents,test,0.27396488189697266,0.2572316825389862,0.01673319935798645
RoadAccidents104_x264,RoadAccidents,test,0.262364000082016,0.25864607095718384,0.0037179291248321533
RoadAccidents104_x264,RoadAccidents,test,0.25399506092071533,0.2590476870536804,-0.005052626132965088
RoadAccidents104_x264,RoadAccidents,test,0.2606329619884491,0.25663143396377563,0.004001528024673462
RoadAccidents104_x264,RoadAccidents,test,0.26041099429130554,0.25915828347206116,0.0012527108192443848
RoadAccidents104_x264,RoadAccidents,test,0.24953125417232513,0.2309422641992569,0.018588989973068237
RoadAccidents104_x264,RoadAccidents,test,0.24903015792369843,0.22697454690933228,0.02205561101436615
RoadAccidents104_x264,RoadAccidents,test,0.2482069432735443,0.2256125509738922,0.0225943922996521
RoadAccidents104_x264,RoadAccidents,test,0.25539475679397583,0.23202136158943176,0.023373395204544067
RoadAccidents104_x264,RoadAccidents,test,0.24714742600917816,0.22541210055351257,0.02173532545566559
RoadAccidents104_x264,RoadAccidents,test,0.2463495433330536,0.23814702033996582,0.008202522993087769
RoadAccidents104_x264,RoadAccidents,test,0.25260376930236816,0.24737848341464996,0.005225285887718201
RoadAccidents104_x264,RoadAccidents,test,0.2601834833621979,0.2545650005340576,0.005618482828140259
RoadAccidents104_x264,RoadAccidents,test,0.2569301128387451,0.2536477744579315,0.0032823383808135986
RoadAccidents104_x264,RoadAccidents,test,0.25749218463897705,0.25306230783462524,0.004429876804351807
RoadAccidents104_x264,RoadAccidents,test,0.2615699768066406,0.2539497911930084,0.007620185613632202
RoadAccidents104_x264,RoadAccidents,test,0.2755289375782013,0.257593035697937,0.017935901880264282
RoadAccidents104_x264,RoadAccidents,test,0.28010308742523193,0.25510913133621216,0.024993956089019775
RoadAccidents104_x264,RoadAccidents,test,0.2745598256587982,0.2573535144329071,0.017206311225891113
RoadAccidents104_x264,RoadAccidents,test,0.24541808664798737,0.22188623249530792,0.023531854152679443
RoadAccidents104_x264,RoadAccidents,test,0.24985787272453308,0.22813203930854797,0.021725833415985107
RoadAccidents104_x264,RoadAccidents,test,0.24378113448619843,0.22012744843959808,0.023653686046600342
RoadAccidents104_x264,RoadAccidents,test,0.2405754178762436,0.21717569231987,0.023399725556373596
RoadAccidents104_x264,RoadAccidents,test,0.24541103839874268,0.22302870452404022,0.022382333874702454
RoadAccidents104_x264,RoadAccidents,test,0.2519276440143585,0.22696299850940704,0.024964645504951477
RoadAccidents104_x264,RoadAccidents,test,0.24980294704437256,0.22745205461978912,0.022350892424583435
RoadAccidents104_x264,RoadAccidents,test,0.2389291673898697,0.21677687764167786,0.022152289748191833
RoadAccidents144_x264,RoadAccidents,test,0.2730002999305725,0.26082921028137207,0.01217108964920044
RoadAccidents144_x264,RoadAccidents,test,0.2687299847602844,0.25638091564178467,0.012349069118499756
RoadAccidents144_x264,RoadAccidents,test,0.2707228362560272,0.2611313760280609,0.009591460227966309
RoadAccidents144_x264,RoadAccidents,test,0.2775295674800873,0.2570546269416809,0.020474940538406372
RoadAccidents144_x264,RoadAccidents,test,0.27576592564582825,0.2551840841770172,0.020581841468811035
Robbery065_x264,Robbery,test,0.2730002999305725,0.26082921028137207,0.01217108964920044
Robbery065_x264,Robbery,test,0.2687299847602844,0.25638091564178467,0.012349069118499756
Robbery065_x264,Robbery,test,0.2707228362560272,0.2611313760280609,0.009591460227966309
Robbery065_x264,Robbery,test,0.2775295674800873,0.2570546269416809,0.020474940538406372
Robbery065_x264,Robbery,test,0.27576592564582825,0.2551840841770172,0.020581841468811035
Robbery065_x264,Robbery,test,0.27751603722572327,0.25783970952033997,0.0196763277053833
Robbery065_x264,Robbery,test,0.2735445499420166,0.25826576352119446,0.015278786420822144
Robbery065_x264,Robbery,test,0.26715248823165894,0.2579249143600464,0.009227573871612549
Robbery065_x264,Robbery,test,0.27396488189697266,0.2572316825389862,0.01673319935798645
Robbery065_x264,Robbery,test,0.262364000082016,0.25864607095718384,0.0037179291248321533
Robbery065_x264,Robbery,test,0.25399506092071533,0.2590476870536804,-0.005052626132965088
Robbery065_x264,Robbery,test,0.2606329619884491,0.25663143396377563,0.004001528024673462
Robbery065_x264,Robbery,test,0.26041099429130554,0.25915828347206116,0.0012527108192443848
Robbery065_x264,Robbery,test,0.24953125417232513,0.2309422641992569,0.018588989973068237
Robbery065_x264,Robbery,test,0.24903015792369843,0.22697454690933228,0.02205561101436615
Robbery042_x264,Robbery,test,0.2730002999305725,0.26082921028137207,0.01217108964920044
Robbery042_x264,Robbery,test,0.2687299847602844,0.25638091564178467,0.012349069118499756
Robbery042_x264,Robbery,test,0.2707228362560272,0.2611313760280609,0.009591460227966309
Robbery042_x264,Robbery,test,0.2775295674800873,0.2570546269416809,0.020474940538406372
Robbery042_x264,Robbery,test,0.27576592564582825,0.2551840841770172,0.020581841468811035
Robbery042_x264,Robbery,test,0.27751603722572327,0.25783970952033997,0.0196763277053833
Robbery042_x264,Robbery,test,0.2735445499420166,0.25826576352119446,0.015278786420822144
Robbery042_x264,Robbery,test,0.26715248823165894,0.2579249143600464,0.009227573871612549
Robbery042_x264,Robbery,test,0.27396488189697266,0.2572316825389862,0.01673319935798645
Robbery042_x264,Robbery,test,0.262364000082016,0.25864607095718384,0.0037179291248321533
Robbery042_x264,Robbery,test,0.25399506092071533,0.2590476870536804,-0.005052626132965088
Robbery042_x264,Robbery,test,0.2606329619884491,0.25663143396377563,0.004001528024673462
Robbery042_x264,Robbery,test,0.26041099429130554,0.25915828347206116,0.0012527108192443848
Robbery123_x264,Robbery,test,0.2730002999305725,0.26082921028137207,0.01217108964920044
Robbery123_x264,Robbery,test,0.2687299847602844,0.25638091564178467,0.012349069118499756
Robbery123_x264,Robbery,test,0.2707228362560272,0.2611313760280609,0.009591460227966309
Robbery123_x264,Robbery,test,0.2775295674800873,0.2570546269416809,0.020474940538406372
Robbery123_x264,Robbery,test,0.27576592564582825,0.2551840841770172,0.020581841468811035
Robbery123_x264,Robbery,test,0.27751603722572327,0.25783970952033997,0.0196763277053833
Shooting050_x264,Shooting,test,0.2730002999305725,0.26082921028137207,0.01217108964920044
Shooting050_x264,Shooting,test,0.2687299847602844,0.25638091564178467,0.012349069118499756
Shooting050_x264,Shooting,test,0.2707228362560272,0.2611313760280609,0.009591460227966309
Shooting050_x264,Shooting,test,0.2775295674800873,0.2570546269416809,0.020474940538406372
Shooting050_x264,Shooting,test,0.27576592564582825,0.2551840841770172,0.020581841468811035
Shooting050_x264,Shooting,test,0.27751603722572327,0.25783970952033997,0.0196763277053833
Shooting050_x264,Shooting,test,0.2735445499420166,0.25826576352119446,0.015278786420822144
Shooting050_x264,Shooting,test,0.26715248823165894,0.2579249143600464,0.009227573871612549
Shooting050_x264,Shooting,test,0.27396488189697266,0.2572316825389862,0.01673319935798645
Shooting050_x264,Shooting,test,0.262364000082016,0.25864607095718384,0.0037179291248321533
Shooting050_x264,Shooting,test,0.25399506092071533,0.2590476870536804,-0.005052626132965088
Shooting050_x264,Shooting,test,0.2606329619884491,0.25663143396377563,0.004001528024673462
Shooting050_x264,Shooting,test,0.26041099429130554,0.25915828347206116,0.0012527108192443848
Shooting050_x264,Shooting,test,0.24953125417232513,0.2309422641992569,0.018588989973068237
Shooting050_x264,Shooting,test,0.24903015792369843,0.22697454690933228,0.02205561101436615
Shooting050_x264,Shooting,test,0.2482069432735443,0.2256125509738922,0.0225943922996521
Shooting050_x264,Shooting,test,0.25539475679397583,0.23202136158943176,0.023373395204544067
Shooting050_x264,Shooting,test,0.24714742600917816,0.22541210055351257,0.02173532545566559
Shooting050_x264,Shooting,test,0.2463495433330536,0.23814702033996582,0.008202522993087769
Shooting050_x264,Shooting,test,0.25260376930236816,0.24737848341464996,0.005225285887718201
Shooting050_x264,Shooting,test,0.2601834833621979,0.2545650005340576,0.005618482828140259
Shooting050_x264,Shooting,test,0.2569301128387451,0.2536477744579315,0.0032823383808135986
Shooting050_x264,Shooting,test,0.25749218463897705,0.25306230783462524,0.004429876804351807
Shooting039_x264,Shooting,test,0.2730002999305725,0.26082921028137207,0.01217108964920044
Shooting039_x264,Shooting,test,0.2687299847602844,0.25638091564178467,0.012349069118499756
Shooting039_x264,Shooting,test,0.2707228362560272,0.2611313760280609,0.009591460227966309
Shooting039_x264,Shooting,test,0.2775295674800873,0.2570546269416809,0.020474940538406372
Shooting039_x264,Shooting,test,0.27576592564582825,0.2551840841770172,0.020581841468811035
Shooting017_x264,Shooting,test,0.2730002999305725,0.26082921028137207,0.01217108964920044
Shooting017_x264,Shooting,test,0.2687299847602844,0.25638091564178467,0.012349069118499756
Shooting017_x264,Shooting,test,0.2707228362560272,0.2611313760280609,0.009591460227966309
Shooting017_x264,Shooting,test,0.2775295674800873,0.2570546269416809,0.020474940538406372
Shooting017_x264,Shooting,test,0.27576592564582825,0.2551840841770172,0.020581841468811035
Shoplifting006_x264,Shoplifting,test,0.2730002999305725,0.26082921028137207,0.01217108964920044
Shoplifting006_x264,Shoplifting,test,0.2687299847602844,0.25638091564178467,0.012349069118499756
Shoplifting006_x264,Shoplifting,test,0.2707228362560272,0.2611313760280609,0.009591460227966309
Shoplifting006_x264,Shoplifting,test,0.2775295674800873,0.2570546269416809,0.020474940538406372
Shoplifting006_x264,Shoplifting,test,0.27576592564582825,0.2551840841770172,0.020581841468811035
Shoplifting006_x264,Shoplifting,test,0.27751603722572327,0.25783970952033997,0.0196763277053833
Shoplifting006_x264,Shoplifting,test,0.2735445499420166,0.25826576352119446,0.015278786420822144
Shoplifting006_x264,Shoplifting,test,0.26715248823165894,0.2579249143600464,0.009227573871612549
Shoplifting006_x264,Shoplifting,test,0.27396488189697266,0.2572316825389862,0.01673319935798645
Shoplifting006_x264,Shoplifting,test,0.262364000082016,0.25864607095718384,0.0037179291248321533
Shoplifting006_x264,Shoplifting,test,0.25399506092071533,0.2590476870536804,-0.005052626132965088
Shoplifting006_x264,Shoplifting,test,0.2606329619884491,0.25663143396377563,0.004001528024673462
Shoplifting006_x264,Shoplifting,test,0.26041099429130554,0.25915828347206116,0.0012527108192443848
Shoplifting006_x264,Shoplifting,test,0.24953125417232513,0.2309422641992569,0.018588989973068237
Shoplifting006_x264,Shoplifting,test,0.24903015792369843,0.22697454690933228,0.02205561101436615
Shoplifting006_x264,Shoplifting,test,0.2482069432735443,0.2256125509738922,0.0225943922996521
Shoplifting006_x264,Shoplifting,test,0.25539475679397583,0.23202136158943176,0.023373395204544067
Shoplifting006_x264,Shoplifting,test,0.24714742600917816,0.22541210055351257,0.02173532545566559
Shoplifting006_x264,Shoplifting,test,0.2463495433330536,0.23814702033996582,0.008202522993087769
Shoplifting051_x264,Shoplifting,test,0.2730002999305725,0.26082921028137207,0.01217108964920044
Shoplifting051_x264,Shoplifting,test,0.2687299847602844,0.25638091564178467,0.012349069118499756
Shoplifting051_x264,Shoplifting,test,0.2707228362560272,0.2611313760280609,0.009591460227966309
Shoplifting051_x264,Shoplifting,test,0.2775295674800873,0.2570546269416809,0.020474940538406372
Shoplifting051_x264,Shoplifting,test,0.27576592564582825,0.2551840841770172,0.020581841468811035
Shoplifting051_x264,Shoplifting,test,0.27751603722572327,0.25783970952033997,0.0196763277053833
Shoplifting051_x264,Shoplifting,test,0.2735445499420166,0.25826576352119446,0.015278786420822144
Shoplifting051_x264,Shoplifting,test,0.26715248823165894,0.2579249143600464,0.009227573871612549
Shoplifting051_x264,Shoplifting,test,0.27396488189697266,0.2572316825389862,0.01673319935798645
Shoplifting051_x264,Shoplifting,test,0.262364000082016,0.25864607095718384,0.0037179291248321533
Shoplifting051_x264,Shoplifting,test,0.25399506092071533,0.2590476870536804,-0.005052626132965088
Shoplifting051_x264,Shoplifting,test,0.2606329619884491,0.25663143396377563,0.004001528024673462
Shoplifting051_x264,Shoplifting,test,0.26041099429130554,0.25915828347206116,0.0012527108192443848
Shoplifting051_x264,Shoplifting,test,0.24953125417232513,0.2309422641992569,0.018588989973068237
Shoplifting051_x264,Shoplifting,test,0.24903015792369843,0.22697454690933228,0.02205561101436615
Shoplifting051_x264,Shoplifting,test,0.2482069432735443,0.2256125509738922,0.0225943922996521
Shoplifting051_x264,Shoplifting,test,0.25539475679397583,0.23202136158943176,0.023373395204544067
Shoplifting051_x264,Shoplifting,test,0.24714742600917816,0.22541210055351257,0.02173532545566559
Shoplifting051_x264,Shoplifting,test,0.2463495433330536,0.23814702033996582,0.008202522993087769
Shoplifting051_x264,Shoplifting,test,0.25260376930236816,0.24737848341464996,0.005225285887718201
Shoplifting051_x264,Shoplifting,test,0.2601834833621979,0.2545650005340576,0.005618482828140259
Shoplifting051_x264,Shoplifting,test,0.2569301128387451,0.2536477744579315,0.0032823383808135986
Shoplifting051_x264,Shoplifting,test,0.25749218463897705,0.25306230783462524,0.004429876804351807
Shoplifting051_x264,Shoplifting,test,0.2615699768066406,0.2539497911930084,0.007620185613632202
Shoplifting051_x264,Shoplifting,test,0.2755289375782013,0.257593035697937,0.017935901880264282
Shoplifting051_x264,Shoplifting,test,0.28010308742523193,0.25510913133621216,0.024993956089019775
Shoplifting051_x264,Shoplifting,test,0.2745598256587982,0.2573535144329071,0.017206311225891113
Shoplifting051_x264,Shoplifting,test,0.24541808664798737,0.22188623249530792,0.023531854152679443
Shoplifting051_x264,Shoplifting,test,0.24985787272453308,0.22813203930854797,0.021725833415985107
Shoplifting051_x264,Shoplifting,test,0.24378113448619843,0.22012744843959808,0.023653686046600342
Shoplifting051_x264,Shoplifting,test,0.2405754178762436,0.21717569231987,0.023399725556373596
Shoplifting051_x264,Shoplifting,test,0.24541103839874268,0.22302870452404022,0.022382333874702454
Shoplifting051_x264,Shoplifting,test,0.2519276440143585,0.22696299850940704,0.024964645504951477
Shoplifting051_x264,Shoplifting,test,0.24980294704437256,0.22745205461978912,0.022350892424583435
Shoplifting051_x264,Shoplifting,test,0.2389291673898697,0.21677687764167786,0.022152289748191833
Shoplifting051_x264,Shoplifting,test,0.23851032555103302,0.21727590262889862,0.0212344229221344
Shoplifting051_x264,Shoplifting,test,0.24582578241825104,0.2245960235595703,0.021229758858680725
Shoplifting051_x264,Shoplifting,test,0.24664214253425598,0.2201315015554428,0.02651064097881317
Shoplifting051_x264,Shoplifting,test,0.24051319062709808,0.21480253338813782,0.025710657238960266
Shoplifting051_x264,Shoplifting,test,0.24880041182041168,0.2264307737350464,0.022369638085365295
Shoplifting051_x264,Shoplifting,test,0.24136415123939514,0.22284828126430511,0.018515869975090027
Shoplifting051_x264,Shoplifting,test,0.23987537622451782,0.2204902172088623,0.019385159015655518
Shoplifting051_x264,Shoplifting,test,0.2409031242132187,0.21955659985542297,0.021346524357795715
Shoplifting051_x264,Shoplifting,test,0.2419142872095108,0.22151628136634827,0.020398005843162537
Shoplifting051_x264,Shoplifting,test,0.24571485817432404,0.2240714430809021,0.021643415093421936
Shoplifting052_x264,Shoplifting,test,0.2730002999305725,0.26082921028137207,0.01217108964920044
Shoplifting052_x264,Shoplifting,test,0.2687299847602844,0.25638091564178467,0.012349069118499756
Shoplifting052_x264,Shoplifting,test,0.2707228362560272,0.2611313760280609,0.009591460227966309
Shoplifting052_x264,Shoplifting,test,0.2775295674800873,0.2570546269416809,0.020474940538406372
Shoplifting052_x264,Shoplifting,test,0.27576592564582825,0.2551840841770172,0.020581841468811035
Shoplifting052_x264,Shoplifting,test,0.27751603722572327,0.25783970952033997,0.0196763277053833
Shoplifting052_x264,Shoplifting,test,0.2735445499420166,0.25826576352119446,0.015278786420822144
Shoplifting052_x264,Shoplifting,test,0.26715248823165894,0.2579249143600464,0.009227573871612549
Shoplifting052_x264,Shoplifting,test,0.27396488189697266,0.2572316825389862,0.01673319935798645
Shoplifting052_x264,Shoplifting,test,0.262364000082016,0.25864607095718384,0.0037179291248321533
Shoplifting052_x264,Shoplifting,test,0.25399506092071533,0.2590476870536804,-0.005052626132965088
Shoplifting052_x264,Shoplifting,test,0.2606329619884491,0.25663143396377563,0.004001528024673462
Shoplifting052_x264,Shoplifting,test,0.26041099429130554,0.25915828347206116,0.0012527108192443848
Shoplifting052_x264,Shoplifting,test,0.24953125417232513,0.2309422641992569,0.018588989973068237
Shoplifting052_x264,Shoplifting,test,0.24903015792369843,0.22697454690933228,0.02205561101436615
Shoplifting052_x264,Shoplifting,test,0.2482069432735443,0.2256125509738922,0.0225943922996521
Shoplifting052_x264,Shoplifting,test,0.25539475679397583,0.23202136158943176,0.023373395204544067
Shoplifting052_x264,Shoplifting,test,0.24714742600917816,0.22541210055351257,0.02173532545566559
Shoplifting052_x264,Shoplifting,test,0.2463495433330536,0.23814702033996582,0.008202522993087769
Shoplifting052_x264,Shoplifting,test,0.25260376930236816,0.24737848341464996,0.005225285887718201
Shoplifting052_x264,Shoplifting,test,0.2601834833621979,0.2545650005340576,0.005618482828140259
Shoplifting052_x264,Shoplifting,test,0.2569301128387451,0.2536477744579315,0.0032823383808135986
Shoplifting052_x264,Shoplifting,test,0.25749218463897705,0.25306230783462524,0.004429876804351807
Shoplifting052_x264,Shoplifting,test,0.2615699768066406,0.2539497911930084,0.007620185613632202
Shoplifting052_x264,Shoplifting,test,0.2755289375782013,0.257593035697937,0.017935901880264282
Shoplifting052_x264,Shoplifting,test,0.28010308742523193,0.25510913133621216,0.024993956089019775
Shoplifting052_x264,Shoplifting,test,0.2745598256587982,0.2573535144329071,0.017206311225891113
Shoplifting052_x264,Shoplifting,test,0.24541808664798737,0.22188623249530792,0.023531854152679443
Shoplifting052_x264,Shoplifting,test,0.24985787272453308,0.22813203930854797,0.021725833415985107
Shoplifting052_x264,Shoplifting,test,0.24378113448619843,0.22012744843959808,0.023653686046600342
Shoplifting052_x264,Shoplifting,test,0.2405754178762436,0.21717569231987,0.023399725556373596
Shoplifting052_x264,Shoplifting,test,0.24541103839874268,0.22302870452404022,0.022382333874702454
Shoplifting052_x264,Shoplifting,test,0.2519276440143585,0.22696299850940704,0.024964645504951477
Shoplifting052_x264,Shoplifting,test,0.24980294704437256,0.22745205461978912,0.022350892424583435
Shoplifting052_x264,Shoplifting,test,0.2389291673898697,0.21677687764167786,0.022152289748191833
Shoplifting052_x264,Shoplifting,test,0.23851032555103302,0.21727590262889862,0.0212344229221344
Shoplifting052_x264,Shoplifting,test,0.24582578241825104,0.2245960235595703,0.021229758858680725
Shoplifting052_x264,Shoplifting,test,0.24664214253425598,0.2201315015554428,0.02651064097881317
Shoplifting052_x264,Shoplifting,test,0.24051319062709808,0.21480253338813782,0.025710657238960266
Shoplifting052_x264,Shoplifting,test,0.24880041182041168,0.2264307737350464,0.022369638085365295
Shoplifting052_x264,Shoplifting,test,0.24136415123939514,0.22284828126430511,0.018515869975090027
Shoplifting052_x264,Shoplifting,test,0.23987537622451782,0.2204902172088623,0.019385159015655518
Shoplifting052_x264,Shoplifting,test,0.2409031242132187,0.21955659985542297,0.021346524357795715
Shoplifting052_x264,Shoplifting,test,0.2419142872095108,0.22151628136634827,0.020398005843162537
Shoplifting052_x264,Shoplifting,test,0.24571485817432404,0.2240714430809021,0.021643415093421936
Shoplifting052_x264,Shoplifting,test,0.24672716856002808,0.23090368509292603,0.01582348346710205
Shoplifting052_x264,Shoplifting,test,0.2503783404827118,0.23254500329494476,0.01783333718776703
Stealing066_x264,Stealing,test,0.2730002999305725,0.26082921028137207,0.01217108964920044
Stealing066_x264,Stealing,test,0.2687299847602844,0.25638091564178467,0.012349069118499756
Stealing066_x264,Stealing,test,0.2707228362560272,0.2611313760280609,0.009591460227966309
Stealing066_x264,Stealing,test,0.2775295674800873,0.2570546269416809,0.020474940538406372
Stealing066_x264,Stealing,test,0.27576592564582825,0.2551840841770172,0.020581841468811035
Stealing066_x264,Stealing,test,0.27751603722572327,0.25783970952033997,0.0196763277053833
Stealing066_x264,Stealing,test,0.2735445499420166,0.25826576352119446,0.015278786420822144
Stealing066_x264,Stealing,test,0.26715248823165894,0.2579249143600464,0.009227573871612549
Stealing045_x264,Stealing,test,0.2730002999305725,0.26082921028137207,0.01217108964920044
Stealing045_x264,Stealing,test,0.2687299847602844,0.25638091564178467,0.012349069118499756
Stealing045_x264,Stealing,test,0.2707228362560272,0.2611313760280609,0.009591460227966309
Stealing045_x264,Stealing,test,0.2775295674800873,0.2570546269416809,0.020474940538406372
Stealing045_x264,Stealing,test,0.27576592564582825,0.2551840841770172,0.020581841468811035
Stealing045_x264,Stealing,test,0.27751603722572327,0.25783970952033997,0.0196763277053833
Stealing045_x264,Stealing,test,0.2735445499420166,0.25826576352119446,0.015278786420822144
Stealing045_x264,Stealing,test,0.26715248823165894,0.2579249143600464,0.009227573871612549
Stealing045_x264,Stealing,test,0.27396488189697266,0.2572316825389862,0.01673319935798645
Stealing045_x264,Stealing,test,0.262364000082016,0.25864607095718384,0.0037179291248321533
Stealing045_x264,Stealing,test,0.25399506092071533,0.2590476870536804,-0.005052626132965088
Stealing045_x264,Stealing,test,0.2606329619884491,0.25663143396377563,0.004001528024673462
Stealing045_x264,Stealing,test,0.26041099429130554,0.25915828347206116,0.0012527108192443848
Stealing045_x264,Stealing,test,0.24953125417232513,0.2309422641992569,0.018588989973068237
Stealing045_x264,Stealing,test,0.24903015792369843,0.22697454690933228,0.02205561101436615
Stealing045_x264,Stealing,test,0.2482069432735443,0.2256125509738922,0.0225943922996521
Stealing045_x264,Stealing,test,0.25539475679397583,0.23202136158943176,0.023373395204544067
Stealing045_x264,Stealing,test,0.24714742600917816,0.22541210055351257,0.02173532545566559
Stealing045_x264,Stealing,test,0.2463495433330536,0.23814702033996582,0.008202522993087769
Stealing045_x264,Stealing,test,0.25260376930236816,0.24737848341464996,0.005225285887718201
Stealing045_x264,Stealing,test,0.2601834833621979,0.2545650005340576,0.005618482828140259
Stealing045_x264,Stealing,test,0.2569301128387451,0.2536477744579315,0.0032823383808135986
Stealing045_x264,Stealing,test,0.25749218463897705,0.25306230783462524,0.004429876804351807
Stealing045_x264,Stealing,test,0.2615699768066406,0.2539497911930084,0.007620185613632202
Stealing045_x264,Stealing,test,0.2755289375782013,0.257593035697937,0.017935901880264282
Stealing045_x264,Stealing,test,0.28010308742523193,0.25510913133621216,0.024993956089019775
Stealing045_x264,Stealing,test,0.2745598256587982,0.2573535144329071,0.017206311225891113
Stealing045_x264,Stealing,test,0.24541808664798737,0.22188623249530792,0.023531854152679443
Stealing045_x264,Stealing,test,0.24985787272453308,0.22813203930854797,0.021725833415985107
Stealing045_x264,Stealing,test,0.24378113448619843,0.22012744843959808,0.023653686046600342
Stealing045_x264,Stealing,test,0.2405754178762436,0.21717569231987,0.023399725556373596
Stealing045_x264,Stealing,test,0.24541103839874268,0.22302870452404022,0.022382333874702454
Stealing045_x264,Stealing,test,0.2519276440143585,0.22696299850940704,0.024964645504951477
Stealing045_x264,Stealing,test,0.24980294704437256,0.22745205461978912,0.022350892424583435
Stealing045_x264,Stealing,test,0.2389291673898697,0.21677687764167786,0.022152289748191833
Stealing045_x264,Stealing,test,0.23851032555103302,0.21727590262889862,0.0212344229221344
Stealing045_x264,Stealing,test,0.24582578241825104,0.2245960235595703,0.021229758858680725
Stealing045_x264,Stealing,test,0.24664214253425598,0.2201315015554428,0.02651064097881317
Stealing045_x264,Stealing,test,0.24051319062709808,0.21480253338813782,0.025710657238960266
Stealing045_x264,Stealing,test,0.24880041182041168,0.2264307737350464,0.022369638085365295
Stealing045_x264,Stealing,test,0.24136415123939514,0.22284828126430511,0.018515869975090027
Stealing045_x264,Stealing,test,0.23987537622451782,0.2204902172088623,0.019385159015655518
Stealing045_x264,Stealing,test,0.2409031242132187,0.21955659985542297,0.021346524357795715
Stealing045_x264,Stealing,test,0.2419142872095108,0.22151628136634827,0.020398005843162537
Stealing045_x264,Stealing,test,0.24571485817432404,0.2240714430809021,0.021643415093421936
Stealing045_x264,Stealing,test,0.24672716856002808,0.23090368509292603,0.01582348346710205
Stealing045_x264,Stealing,test,0.2503783404827118,0.23254500329494476,0.01783333718776703
Stealing045_x264,Stealing,test,0.2567417621612549,0.22670254111289978,0.030039221048355103
Stealing045_x264,Stealing,test,0.2520275115966797,0.2281010001897812,0.0239265114068985
Stealing045_x264,Stealing,test,0.25094282627105713,0.22740009427070618,0.023542732000350952
Stealing011_x264,Stealing,test,0.2730002999305725,0.26082921028137207,0.01217108964920044
Stealing011_x264,Stealing,test,0.2687299847602844,0.25638091564178467,0.012349069118499756
Stealing011_x264,Stealing,test,0.2707228362560272,0.2611313760280609,0.009591460227966309
Stealing011_x264,Stealing,test,0.2775295674800873,0.2570546269416809,0.020474940538406372
Stealing011_x264,Stealing,test,0.27576592564582825,0.2551840841770172,0.020581841468811035
Stealing011_x264,Stealing,test,0.27751603722572327,0.25783970952033997,0.0196763277053833
Stealing011_x264,Stealing,test,0.2735445499420166,0.25826576352119446,0.015278786420822144
Stealing011_x264,Stealing,test,0.26715248823165894,0.2579249143600464,0.009227573871612549
Stealing011_x264,Stealing,test,0.27396488189697266,0.2572316825389862,0.01673319935798645
Stealing011_x264,Stealing,test,0.262364000082016,0.25864607095718384,0.0037179291248321533
Stealing011_x264,Stealing,test,0.25399506092071533,0.2590476870536804,-0.005052626132965088
Stealing011_x264,Stealing,test,0.2606329619884491,0.25663143396377563,0.004001528024673462
Stealing011_x264,Stealing,test,0.26041099429130554,0.25915828347206116,0.0012527108192443848
Stealing011_x264,Stealing,test,0.24953125417232513,0.2309422641992569,0.018588989973068237
Stealing011_x264,Stealing,test,0.24903015792369843,0.22697454690933228,0.02205561101436615
Stealing011_x264,Stealing,test,0.2482069432735443,0.2256125509738922,0.0225943922996521
Stealing011_x264,Stealing,test,0.25539475679397583,0.23202136158943176,0.023373395204544067
Stealing011_x264,Stealing,test,0.24714742600917816,0.22541210055351257,0.02173532545566559
Stealing011_x264,Stealing,test,0.2463495433330536,0.23814702033996582,0.008202522993087769
Stealing011_x264,Stealing,test,0.25260376930236816,0.24737848341464996,0.005225285887718201
Stealing011_x264,Stealing,test,0.2601834833621979,0.2545650005340576,0.005618482828140259
Stealing011_x264,Stealing,test,0.2569301128387451,0.2536477744579315,0.0032823383808135986
Stealing011_x264,Stealing,test,0.25749218463897705,0.25306230783462524,0.004429876804351807
Vandalism037_x264,Vandalism,test,0.2730002999305725,0.26082921028137207,0.01217108964920044
Vandalism037_x264,Vandalism,test,0.2687299847602844,0.25638091564178467,0.012349069118499756
Vandalism037_x264,Vandalism,test,0.2707228362560272,0.2611313760280609,0.009591460227966309
Vandalism037_x264,Vandalism,test,0.2775295674800873,0.2570546269416809,0.020474940538406372
Vandalism037_x264,Vandalism,test,0.27576592564582825,0.2551840841770172,0.020581841468811035
Vandalism037_x264,Vandalism,test,0.27751603722572327,0.25783970952033997,0.0196763277053833
Vandalism037_x264,Vandalism,test,0.2735445499420166,0.25826576352119446,0.015278786420822144
Vandalism037_x264,Vandalism,test,0.26715248823165894,0.2579249143600464,0.009227573871612549
Vandalism037_x264,Vandalism,test,0.27396488189697266,0.2572316825389862,0.01673319935798645
Vandalism037_x264,Vandalism,test,0.262364000082016,0.25864607095718384,0.0037179291248321533
Vandalism037_x264,Vandalism,test,0.25399506092071533,0.2590476870536804,-0.005052626132965088
Vandalism037_x264,Vandalism,test,0.2606329619884491,0.25663143396377563,0.004001528024673462
Vandalism037_x264,Vandalism,test,0.26041099429130554,0.25915828347206116,0.0012527108192443848
Vandalism037_x264,Vandalism,test,0.24953125417232513,0.2309422641992569,0.018588989973068237
Vandalism037_x264,Vandalism,test,0.24903015792369843,0.22697454690933228,0.02205561101436615
Vandalism037_x264,Vandalism,test,0.2482069432735443,0.2256125509738922,0.0225943922996521
Vandalism037_x264,Vandalism,test,0.25539475679397583,0.23202136158943176,0.023373395204544067
Vandalism037_x264,Vandalism,test,0.24714742600917816,0.22541210055351257,0.02173532545566559
Vandalism050_x264,Vandalism,test,0.2730002999305725,0.26082921028137207,0.01217108964920044
Vandalism050_x264,Vandalism,test,0.2687299847602844,0.25638091564178467,0.012349069118499756
Vandalism050_x264,Vandalism,test,0.2707228362560272,0.2611313760280609,0.009591460227966309
Vandalism050_x264,Vandalism,test,0.2775295674800873,0.2570546269416809,0.020474940538406372
Vandalism050_x264,Vandalism,test,0.27576592564582825,0.2551840841770172,0.020581841468811035
Vandalism030_x264,Vandalism,test,0.2730002999305725,0.26082921028137207,0.01217108964920044
Vandalism030_x264,Vandalism,test,0.2687299847602844,0.25638091564178467,0.012349069118499756
Vandalism030_x264,Vandalism,test,0.2707228362560272,0.2611313760280609,0.009591460227966309
Vandalism030_x264,Vandalism,test,0.2775295674800873,0.2570546269416809,0.020474940538406372
Vandalism030_x264,Vandalism,test,0.27576592564582825,0.2551840841770172,0.020581841468811035
Vandalism030_x264,Vandalism,test,0.27751603722572327,0.25783970952033997,0.0196763277053833
Vandalism030_x264,Vandalism,test,0.2735445499420166,0.25826576352119446,0.015278786420822144
Vandalism030_x264,Vandalism,test,0.26715248823165894,0.2579249143600464,0.009227573871612549
Vandalism030_x264,Vandalism,test,0.27396488189697266,0.2572316825389862,0.01673319935798645
